/*
Navicat MySQL Data Transfer

Source Server         : localhost
Source Server Version : 50712
Source Host           : localhost:3306
Source Database       : learn

Target Server Type    : MYSQL
Target Server Version : 50712
File Encoding         : 65001

Date: 2017-11-01 10:59:50
*/

SET FOREIGN_KEY_CHECKS=0;

-- ----------------------------
-- Table structure for act_evt_log
-- ----------------------------
DROP TABLE IF EXISTS `act_evt_log`;
CREATE TABLE `act_evt_log` (
`LOG_NR_`  bigint(20) NOT NULL AUTO_INCREMENT ,
`TYPE_`  varchar(64) CHARACTER SET utf8 COLLATE utf8_bin NULL DEFAULT NULL ,
`PROC_DEF_ID_`  varchar(64) CHARACTER SET utf8 COLLATE utf8_bin NULL DEFAULT NULL ,
`PROC_INST_ID_`  varchar(64) CHARACTER SET utf8 COLLATE utf8_bin NULL DEFAULT NULL ,
`EXECUTION_ID_`  varchar(64) CHARACTER SET utf8 COLLATE utf8_bin NULL DEFAULT NULL ,
`TASK_ID_`  varchar(64) CHARACTER SET utf8 COLLATE utf8_bin NULL DEFAULT NULL ,
`TIME_STAMP_`  timestamp(3) NOT NULL DEFAULT CURRENT_TIMESTAMP(3) ON UPDATE CURRENT_TIMESTAMP ,
`USER_ID_`  varchar(255) CHARACTER SET utf8 COLLATE utf8_bin NULL DEFAULT NULL ,
`DATA_`  longblob NULL ,
`LOCK_OWNER_`  varchar(255) CHARACTER SET utf8 COLLATE utf8_bin NULL DEFAULT NULL ,
`LOCK_TIME_`  timestamp(3) NULL DEFAULT NULL ,
`IS_PROCESSED_`  tinyint(4) NULL DEFAULT 0 ,
PRIMARY KEY (`LOG_NR_`)
)
ENGINE=InnoDB
DEFAULT CHARACTER SET=utf8 COLLATE=utf8_bin
AUTO_INCREMENT=1

;

-- ----------------------------
-- Records of act_evt_log
-- ----------------------------
BEGIN;
COMMIT;

-- ----------------------------
-- Table structure for act_ge_bytearray
-- ----------------------------
DROP TABLE IF EXISTS `act_ge_bytearray`;
CREATE TABLE `act_ge_bytearray` (
`ID_`  varchar(64) CHARACTER SET utf8 COLLATE utf8_bin NOT NULL ,
`REV_`  int(11) NULL DEFAULT NULL ,
`NAME_`  varchar(255) CHARACTER SET utf8 COLLATE utf8_bin NULL DEFAULT NULL ,
`DEPLOYMENT_ID_`  varchar(64) CHARACTER SET utf8 COLLATE utf8_bin NULL DEFAULT NULL ,
`BYTES_`  longblob NULL ,
`GENERATED_`  tinyint(4) NULL DEFAULT NULL ,
PRIMARY KEY (`ID_`),
FOREIGN KEY (`DEPLOYMENT_ID_`) REFERENCES `act_re_deployment` (`ID_`) ON DELETE RESTRICT ON UPDATE RESTRICT,
INDEX `ACT_FK_BYTEARR_DEPL` (`DEPLOYMENT_ID_`) USING BTREE 
)
ENGINE=InnoDB
DEFAULT CHARACTER SET=utf8 COLLATE=utf8_bin

;

-- ----------------------------
-- Records of act_ge_bytearray
-- ----------------------------
BEGIN;
INSERT INTO `act_ge_bytearray` VALUES ('170002', '1', 'activitiEmployeeProcess.bpmn', '170001', 0x3C3F786D6C2076657273696F6E3D22312E302220656E636F64696E673D225554462D38223F3E0A3C646566696E6974696F6E7320786D6C6E733D22687474703A2F2F7777772E6F6D672E6F72672F737065632F42504D4E2F32303130303532342F4D4F44454C2220786D6C6E733A7873693D22687474703A2F2F7777772E77332E6F72672F323030312F584D4C536368656D612D696E7374616E63652220786D6C6E733A7873643D22687474703A2F2F7777772E77332E6F72672F323030312F584D4C536368656D612220786D6C6E733A61637469766974693D22687474703A2F2F61637469766974692E6F72672F62706D6E2220786D6C6E733A62706D6E64693D22687474703A2F2F7777772E6F6D672E6F72672F737065632F42504D4E2F32303130303532342F44492220786D6C6E733A6F6D6764633D22687474703A2F2F7777772E6F6D672E6F72672F737065632F44442F32303130303532342F44432220786D6C6E733A6F6D6764693D22687474703A2F2F7777772E6F6D672E6F72672F737065632F44442F32303130303532342F44492220747970654C616E67756167653D22687474703A2F2F7777772E77332E6F72672F323030312F584D4C536368656D61222065787072657373696F6E4C616E67756167653D22687474703A2F2F7777772E77332E6F72672F313939392F585061746822207461726765744E616D6573706163653D22687474703A2F2F7777772E61637469766974692E6F72672F74657374223E0A20203C70726F636573732069643D226163746976697469656D706C6F79656550726F6365737322206E616D653D22416374697669746920456D706C6F7965652050726F636573732220697345786563757461626C653D2274727565223E0A202020203C73746172744576656E742069643D2273746172746576656E743222206E616D653D22E5BC80E5A78BE6B581E7A88B223E3C2F73746172744576656E743E0A202020203C656E644576656E742069643D22656E646576656E743222206E616D653D22E6B581E7A88BE7BB93E69D9F223E3C2F656E644576656E743E0A202020203C757365725461736B2069643D22757365727461736B3622206E616D653D22E59198E5B7A5E58F91E8B5B7E8AFB7E58187E794B3E8AFB7222061637469766974693A63616E64696461746547726F7570733D22E59198E5B7A5223E3C2F757365725461736B3E0A202020203C757365725461736B2069643D22757365727461736B3722206E616D653D22E9A1B9E79BAEE7BB84E995BFE5AEA1E689B9222061637469766974693A63616E64696461746547726F7570733D22E7BB84E995BF222061637469766974693A666F726D4B65793D222F70616765732F6C656176652F6C6561766573702E6A7370223E3C2F757365725461736B3E0A202020203C73657175656E6365466C6F772069643D22666C6F7731312220736F757263655265663D2273746172746576656E743222207461726765745265663D22757365727461736B36223E3C2F73657175656E6365466C6F773E0A202020203C73657175656E6365466C6F772069643D22666C6F7731322220736F757263655265663D22757365727461736B3622207461726765745265663D22757365727461736B37223E3C2F73657175656E6365466C6F773E0A202020203C73657175656E6365466C6F772069643D22666C6F77323022206E616D653D22E69CAAE9809AE8BF872220736F757263655265663D22757365727461736B3722207461726765745265663D22656E646576656E7432223E0A2020202020203C636F6E646974696F6E45787072657373696F6E207873693A747970653D2274466F726D616C45787072657373696F6E223E3C215B43444154415B247B6D73673D3D27E69CAAE9809AE8BF87277D5D5D3E3C2F636F6E646974696F6E45787072657373696F6E3E0A202020203C2F73657175656E6365466C6F773E0A202020203C757365725461736B2069643D22757365727461736B3822206E616D653D22E9A1B9E79BAEE7BB8FE79086E5AEA1E689B9222061637469766974693A63616E64696461746547726F7570733D22E7BB8FE79086222061637469766974693A666F726D4B65793D222F70616765732F6C656176652F6C6561766573702E6A7370223E3C2F757365725461736B3E0A202020203C757365725461736B2069643D22757365727461736B3922206E616D653D22E9A1B9E79BAEE680BBE79B91E5AEA1E689B9222061637469766974693A63616E64696461746547726F7570733D22E680BBE79B91222061637469766974693A666F726D4B65793D222F70616765732F6C656176652F6C6561766573702E6A7370223E3C2F757365725461736B3E0A202020203C706172616C6C656C476174657761792069643D22706172616C6C656C676174657761793122206E616D653D22E5B9B6E8A18CE7BD91E585B3E5BC80E5A78BE5A484E79086223E3C2F706172616C6C656C476174657761793E0A202020203C706172616C6C656C476174657761792069643D22706172616C6C656C676174657761793222206E616D653D22E5B9B6E8A18CE7BD91E585B3E5A484E79086E7BB93E69D9F223E3C2F706172616C6C656C476174657761793E0A202020203C757365725461736B2069643D22757365727461736B313022206E616D653D22E4BABAE4BA8BE983A8E5A484E79086E5AEA1E689B9222061637469766974693A63616E64696461746547726F7570733D22E4BABAE4BA8B222061637469766974693A666F726D4B65793D222F70616765732F6C656176652F6C6561766573702E6A7370223E3C2F757365725461736B3E0A202020203C6578636C7573697665476174657761792069643D226578636C7573697665676174657761793122206E616D653D22E68E92E4BB96E7BD91E585B3E5BC80E5A78BE588A4E696AD223E3C2F6578636C7573697665476174657761793E0A202020203C757365725461736B2069643D22757365727461736B313122206E616D653D22E585ACE58FB8E589AFE680BBE8A381E5AEA1E689B9222061637469766974693A63616E64696461746547726F7570733D22E589AFE680BB222061637469766974693A666F726D4B65793D222F70616765732F6C656176652F6C6561766573702E6A7370223E3C2F757365725461736B3E0A202020203C757365725461736B2069643D22757365727461736B313222206E616D653D22E585ACE58FB8E680BBE8A381E5AEA1E689B9222061637469766974693A63616E64696461746547726F7570733D22E680BBE8A381222061637469766974693A666F726D4B65793D222F70616765732F6C656176652F6C6561766573702E6A7370223E3C2F757365725461736B3E0A202020203C73657175656E6365466C6F772069643D22666C6F77323122206E616D653D22E9809AE8BF872220736F757263655265663D22757365727461736B3722207461726765745265663D22706172616C6C656C6761746577617931223E0A2020202020203C636F6E646974696F6E45787072657373696F6E207873693A747970653D2274466F726D616C45787072657373696F6E223E3C215B43444154415B247B6D73673D3D27E9809AE8BF87277D5D5D3E3C2F636F6E646974696F6E45787072657373696F6E3E0A202020203C2F73657175656E6365466C6F773E0A202020203C73657175656E6365466C6F772069643D22666C6F7732322220736F757263655265663D22706172616C6C656C676174657761793122207461726765745265663D22757365727461736B38223E3C2F73657175656E6365466C6F773E0A202020203C73657175656E6365466C6F772069643D22666C6F7732332220736F757263655265663D22706172616C6C656C676174657761793122207461726765745265663D22757365727461736B39223E3C2F73657175656E6365466C6F773E0A202020203C73657175656E6365466C6F772069643D22666C6F7732342220736F757263655265663D22757365727461736B3922207461726765745265663D22706172616C6C656C6761746577617932223E3C2F73657175656E6365466C6F773E0A202020203C73657175656E6365466C6F772069643D22666C6F7732352220736F757263655265663D22757365727461736B3822207461726765745265663D22706172616C6C656C6761746577617932223E3C2F73657175656E6365466C6F773E0A202020203C73657175656E6365466C6F772069643D22666C6F77323622206E616D653D22E5BC80E5A78BE5A484E790862220736F757263655265663D22706172616C6C656C676174657761793222207461726765745265663D22757365727461736B3130223E3C2F73657175656E6365466C6F773E0A202020203C73657175656E6365466C6F772069643D22666C6F77323722206E616D653D22E5A484E79086E7BB93E69D9F2220736F757263655265663D22757365727461736B313022207461726765745265663D226578636C75736976656761746577617931223E3C2F73657175656E6365466C6F773E0A202020203C73657175656E6365466C6F772069643D22666C6F77323822206E616D653D22E5B08FE4BA8E37E5A4A92220736F757263655265663D226578636C7573697665676174657761793122207461726765745265663D22757365727461736B3131223E0A2020202020203C636F6E646974696F6E45787072657373696F6E207873693A747970653D2274466F726D616C45787072657373696F6E223E3C215B43444154415B247B646173793C377D5D5D3E3C2F636F6E646974696F6E45787072657373696F6E3E0A202020203C2F73657175656E6365466C6F773E0A202020203C73657175656E6365466C6F772069643D22666C6F77323922206E616D653D22E5A4A7E4BA8E37E5A4A92220736F757263655265663D226578636C7573697665676174657761793122207461726765745265663D22757365727461736B3132223E0A2020202020203C636F6E646974696F6E45787072657373696F6E207873693A747970653D2274466F726D616C45787072657373696F6E223E3C215B43444154415B247B646173793E3D377D5D5D3E3C2F636F6E646974696F6E45787072657373696F6E3E0A202020203C2F73657175656E6365466C6F773E0A202020203C73657175656E6365466C6F772069643D22666C6F7733302220736F757263655265663D22757365727461736B313222207461726765745265663D22656E646576656E7432223E3C2F73657175656E6365466C6F773E0A202020203C73657175656E6365466C6F772069643D22666C6F7733312220736F757263655265663D22757365727461736B313122207461726765745265663D22656E646576656E7432223E3C2F73657175656E6365466C6F773E0A20203C2F70726F636573733E0A20203C62706D6E64693A42504D4E4469616772616D2069643D2242504D4E4469616772616D5F6163746976697469656D706C6F79656550726F63657373223E0A202020203C62706D6E64693A42504D4E506C616E652062706D6E456C656D656E743D226163746976697469656D706C6F79656550726F63657373222069643D2242504D4E506C616E655F6163746976697469656D706C6F79656550726F63657373223E0A2020202020203C62706D6E64693A42504D4E53686170652062706D6E456C656D656E743D2273746172746576656E7432222069643D2242504D4E53686170655F73746172746576656E7432223E0A20202020202020203C6F6D6764633A426F756E6473206865696768743D2233352E30222077696474683D2233352E302220783D22312E302220793D223136302E30223E3C2F6F6D6764633A426F756E64733E0A2020202020203C2F62706D6E64693A42504D4E53686170653E0A2020202020203C62706D6E64693A42504D4E53686170652062706D6E456C656D656E743D22656E646576656E7432222069643D2242504D4E53686170655F656E646576656E7432223E0A20202020202020203C6F6D6764633A426F756E6473206865696768743D2233352E30222077696474683D2233352E302220783D22313139302E302220793D223136302E30223E3C2F6F6D6764633A426F756E64733E0A2020202020203C2F62706D6E64693A42504D4E53686170653E0A2020202020203C62706D6E64693A42504D4E53686170652062706D6E456C656D656E743D22757365727461736B36222069643D2242504D4E53686170655F757365727461736B36223E0A20202020202020203C6F6D6764633A426F756E6473206865696768743D2235352E30222077696474683D223130352E302220783D2237302E302220793D223135302E30223E3C2F6F6D6764633A426F756E64733E0A2020202020203C2F62706D6E64693A42504D4E53686170653E0A2020202020203C62706D6E64693A42504D4E53686170652062706D6E456C656D656E743D22757365727461736B37222069643D2242504D4E53686170655F757365727461736B37223E0A20202020202020203C6F6D6764633A426F756E6473206865696768743D2235352E30222077696474683D223130352E302220783D223230302E302220793D223135302E30223E3C2F6F6D6764633A426F756E64733E0A2020202020203C2F62706D6E64693A42504D4E53686170653E0A2020202020203C62706D6E64693A42504D4E53686170652062706D6E456C656D656E743D22757365727461736B38222069643D2242504D4E53686170655F757365727461736B38223E0A20202020202020203C6F6D6764633A426F756E6473206865696768743D2235352E30222077696474683D223130352E302220783D223434302E302220793D2231302E30223E3C2F6F6D6764633A426F756E64733E0A2020202020203C2F62706D6E64693A42504D4E53686170653E0A2020202020203C62706D6E64693A42504D4E53686170652062706D6E456C656D656E743D22757365727461736B39222069643D2242504D4E53686170655F757365727461736B39223E0A20202020202020203C6F6D6764633A426F756E6473206865696768743D2235352E30222077696474683D223130352E302220783D223434302E302220793D223238302E30223E3C2F6F6D6764633A426F756E64733E0A2020202020203C2F62706D6E64693A42504D4E53686170653E0A2020202020203C62706D6E64693A42504D4E53686170652062706D6E456C656D656E743D22706172616C6C656C6761746577617931222069643D2242504D4E53686170655F706172616C6C656C6761746577617931223E0A20202020202020203C6F6D6764633A426F756E6473206865696768743D2234302E30222077696474683D2234302E302220783D223336302E302220793D223135372E30223E3C2F6F6D6764633A426F756E64733E0A2020202020203C2F62706D6E64693A42504D4E53686170653E0A2020202020203C62706D6E64693A42504D4E53686170652062706D6E456C656D656E743D22706172616C6C656C6761746577617932222069643D2242504D4E53686170655F706172616C6C656C6761746577617932223E0A20202020202020203C6F6D6764633A426F756E6473206865696768743D2234302E30222077696474683D2234302E302220783D223538302E302220793D223135372E30223E3C2F6F6D6764633A426F756E64733E0A2020202020203C2F62706D6E64693A42504D4E53686170653E0A2020202020203C62706D6E64693A42504D4E53686170652062706D6E456C656D656E743D22757365727461736B3130222069643D2242504D4E53686170655F757365727461736B3130223E0A20202020202020203C6F6D6764633A426F756E6473206865696768743D2235352E30222077696474683D223130352E302220783D223731302E302220793D223135302E30223E3C2F6F6D6764633A426F756E64733E0A2020202020203C2F62706D6E64693A42504D4E53686170653E0A2020202020203C62706D6E64693A42504D4E53686170652062706D6E456C656D656E743D226578636C75736976656761746577617931222069643D2242504D4E53686170655F6578636C75736976656761746577617931223E0A20202020202020203C6F6D6764633A426F756E6473206865696768743D2234302E30222077696474683D2234302E302220783D223839302E302220793D223135372E30223E3C2F6F6D6764633A426F756E64733E0A2020202020203C2F62706D6E64693A42504D4E53686170653E0A2020202020203C62706D6E64693A42504D4E53686170652062706D6E456C656D656E743D22757365727461736B3131222069643D2242504D4E53686170655F757365727461736B3131223E0A20202020202020203C6F6D6764633A426F756E6473206865696768743D2235352E30222077696474683D223130352E302220783D223939302E302220793D2231302E30223E3C2F6F6D6764633A426F756E64733E0A2020202020203C2F62706D6E64693A42504D4E53686170653E0A2020202020203C62706D6E64693A42504D4E53686170652062706D6E456C656D656E743D22757365727461736B3132222069643D2242504D4E53686170655F757365727461736B3132223E0A20202020202020203C6F6D6764633A426F756E6473206865696768743D2235352E30222077696474683D223130352E302220783D223939302E302220793D223238302E30223E3C2F6F6D6764633A426F756E64733E0A2020202020203C2F62706D6E64693A42504D4E53686170653E0A2020202020203C62706D6E64693A42504D4E456467652062706D6E456C656D656E743D22666C6F773131222069643D2242504D4E456467655F666C6F773131223E0A20202020202020203C6F6D6764693A776179706F696E7420783D2233362E302220793D223137372E30223E3C2F6F6D6764693A776179706F696E743E0A20202020202020203C6F6D6764693A776179706F696E7420783D2237302E302220793D223137372E30223E3C2F6F6D6764693A776179706F696E743E0A2020202020203C2F62706D6E64693A42504D4E456467653E0A2020202020203C62706D6E64693A42504D4E456467652062706D6E456C656D656E743D22666C6F773132222069643D2242504D4E456467655F666C6F773132223E0A20202020202020203C6F6D6764693A776179706F696E7420783D223137352E302220793D223137372E30223E3C2F6F6D6764693A776179706F696E743E0A20202020202020203C6F6D6764693A776179706F696E7420783D223230302E302220793D223137372E30223E3C2F6F6D6764693A776179706F696E743E0A2020202020203C2F62706D6E64693A42504D4E456467653E0A2020202020203C62706D6E64693A42504D4E456467652062706D6E456C656D656E743D22666C6F773230222069643D2242504D4E456467655F666C6F773230223E0A20202020202020203C6F6D6764693A776179706F696E7420783D223235322E302220793D223230352E30223E3C2F6F6D6764693A776179706F696E743E0A20202020202020203C6F6D6764693A776179706F696E7420783D223235322E302220793D223338342E30223E3C2F6F6D6764693A776179706F696E743E0A20202020202020203C6F6D6764693A776179706F696E7420783D223530372E302220793D223338342E30223E3C2F6F6D6764693A776179706F696E743E0A20202020202020203C6F6D6764693A776179706F696E7420783D223736382E302220793D223338342E30223E3C2F6F6D6764693A776179706F696E743E0A20202020202020203C6F6D6764693A776179706F696E7420783D223932372E302220793D223338342E30223E3C2F6F6D6764693A776179706F696E743E0A20202020202020203C6F6D6764693A776179706F696E7420783D22313138372E302220793D223338342E30223E3C2F6F6D6764693A776179706F696E743E0A20202020202020203C6F6D6764693A776179706F696E7420783D22313230372E302220793D223338342E30223E3C2F6F6D6764693A776179706F696E743E0A20202020202020203C6F6D6764693A776179706F696E7420783D22313230372E302220793D223139352E30223E3C2F6F6D6764693A776179706F696E743E0A20202020202020203C62706D6E64693A42504D4E4C6162656C3E0A202020202020202020203C6F6D6764633A426F756E6473206865696768743D2231342E30222077696474683D2233362E302220783D223335302E302220793D223336392E30223E3C2F6F6D6764633A426F756E64733E0A20202020202020203C2F62706D6E64693A42504D4E4C6162656C3E0A2020202020203C2F62706D6E64693A42504D4E456467653E0A2020202020203C62706D6E64693A42504D4E456467652062706D6E456C656D656E743D22666C6F773231222069643D2242504D4E456467655F666C6F773231223E0A20202020202020203C6F6D6764693A776179706F696E7420783D223330352E302220793D223137372E30223E3C2F6F6D6764693A776179706F696E743E0A20202020202020203C6F6D6764693A776179706F696E7420783D223336302E302220793D223137372E30223E3C2F6F6D6764693A776179706F696E743E0A20202020202020203C62706D6E64693A42504D4E4C6162656C3E0A202020202020202020203C6F6D6764633A426F756E6473206865696768743D2231342E30222077696474683D2232342E302220783D223331372E302220793D223136302E30223E3C2F6F6D6764633A426F756E64733E0A20202020202020203C2F62706D6E64693A42504D4E4C6162656C3E0A2020202020203C2F62706D6E64693A42504D4E456467653E0A2020202020203C62706D6E64693A42504D4E456467652062706D6E456C656D656E743D22666C6F773232222069643D2242504D4E456467655F666C6F773232223E0A20202020202020203C6F6D6764693A776179706F696E7420783D223338302E302220793D223135372E30223E3C2F6F6D6764693A776179706F696E743E0A20202020202020203C6F6D6764693A776179706F696E7420783D223338302E302220793D2233372E30223E3C2F6F6D6764693A776179706F696E743E0A20202020202020203C6F6D6764693A776179706F696E7420783D223434302E302220793D2233372E30223E3C2F6F6D6764693A776179706F696E743E0A2020202020203C2F62706D6E64693A42504D4E456467653E0A2020202020203C62706D6E64693A42504D4E456467652062706D6E456C656D656E743D22666C6F773233222069643D2242504D4E456467655F666C6F773233223E0A20202020202020203C6F6D6764693A776179706F696E7420783D223338302E302220793D223139372E30223E3C2F6F6D6764693A776179706F696E743E0A20202020202020203C6F6D6764693A776179706F696E7420783D223338302E302220793D223330372E30223E3C2F6F6D6764693A776179706F696E743E0A20202020202020203C6F6D6764693A776179706F696E7420783D223434302E302220793D223330372E30223E3C2F6F6D6764693A776179706F696E743E0A2020202020203C2F62706D6E64693A42504D4E456467653E0A2020202020203C62706D6E64693A42504D4E456467652062706D6E456C656D656E743D22666C6F773234222069643D2242504D4E456467655F666C6F773234223E0A20202020202020203C6F6D6764693A776179706F696E7420783D223534352E302220793D223330372E30223E3C2F6F6D6764693A776179706F696E743E0A20202020202020203C6F6D6764693A776179706F696E7420783D223630302E302220793D223330372E30223E3C2F6F6D6764693A776179706F696E743E0A20202020202020203C6F6D6764693A776179706F696E7420783D223630302E302220793D223139372E30223E3C2F6F6D6764693A776179706F696E743E0A2020202020203C2F62706D6E64693A42504D4E456467653E0A2020202020203C62706D6E64693A42504D4E456467652062706D6E456C656D656E743D22666C6F773235222069643D2242504D4E456467655F666C6F773235223E0A20202020202020203C6F6D6764693A776179706F696E7420783D223534352E302220793D2233372E30223E3C2F6F6D6764693A776179706F696E743E0A20202020202020203C6F6D6764693A776179706F696E7420783D223630302E302220793D2233372E30223E3C2F6F6D6764693A776179706F696E743E0A20202020202020203C6F6D6764693A776179706F696E7420783D223630302E302220793D223135372E30223E3C2F6F6D6764693A776179706F696E743E0A2020202020203C2F62706D6E64693A42504D4E456467653E0A2020202020203C62706D6E64693A42504D4E456467652062706D6E456C656D656E743D22666C6F773236222069643D2242504D4E456467655F666C6F773236223E0A20202020202020203C6F6D6764693A776179706F696E7420783D223632302E302220793D223137372E30223E3C2F6F6D6764693A776179706F696E743E0A20202020202020203C6F6D6764693A776179706F696E7420783D223731302E302220793D223137372E30223E3C2F6F6D6764693A776179706F696E743E0A20202020202020203C62706D6E64693A42504D4E4C6162656C3E0A202020202020202020203C6F6D6764633A426F756E6473206865696768743D2231342E30222077696474683D2234382E302220783D223633392E302220793D223136302E30223E3C2F6F6D6764633A426F756E64733E0A20202020202020203C2F62706D6E64693A42504D4E4C6162656C3E0A2020202020203C2F62706D6E64693A42504D4E456467653E0A2020202020203C62706D6E64693A42504D4E456467652062706D6E456C656D656E743D22666C6F773237222069643D2242504D4E456467655F666C6F773237223E0A20202020202020203C6F6D6764693A776179706F696E7420783D223831352E302220793D223137372E30223E3C2F6F6D6764693A776179706F696E743E0A20202020202020203C6F6D6764693A776179706F696E7420783D223839302E302220793D223137372E30223E3C2F6F6D6764693A776179706F696E743E0A20202020202020203C62706D6E64693A42504D4E4C6162656C3E0A202020202020202020203C6F6D6764633A426F756E6473206865696768743D2231342E30222077696474683D2234382E302220783D223833302E302220793D223136302E30223E3C2F6F6D6764633A426F756E64733E0A20202020202020203C2F62706D6E64693A42504D4E4C6162656C3E0A2020202020203C2F62706D6E64693A42504D4E456467653E0A2020202020203C62706D6E64693A42504D4E456467652062706D6E456C656D656E743D22666C6F773238222069643D2242504D4E456467655F666C6F773238223E0A20202020202020203C6F6D6764693A776179706F696E7420783D223931302E302220793D223135372E30223E3C2F6F6D6764693A776179706F696E743E0A20202020202020203C6F6D6764693A776179706F696E7420783D223931302E302220793D2233372E30223E3C2F6F6D6764693A776179706F696E743E0A20202020202020203C6F6D6764693A776179706F696E7420783D223939302E302220793D2233372E30223E3C2F6F6D6764693A776179706F696E743E0A20202020202020203C62706D6E64693A42504D4E4C6162656C3E0A202020202020202020203C6F6D6764633A426F756E6473206865696768743D2231342E30222077696474683D2234322E302220783D223931302E302220793D2238312E30223E3C2F6F6D6764633A426F756E64733E0A20202020202020203C2F62706D6E64693A42504D4E4C6162656C3E0A2020202020203C2F62706D6E64693A42504D4E456467653E0A2020202020203C62706D6E64693A42504D4E456467652062706D6E456C656D656E743D22666C6F773239222069643D2242504D4E456467655F666C6F773239223E0A20202020202020203C6F6D6764693A776179706F696E7420783D223931302E302220793D223139372E30223E3C2F6F6D6764693A776179706F696E743E0A20202020202020203C6F6D6764693A776179706F696E7420783D223931302E302220793D223330372E30223E3C2F6F6D6764693A776179706F696E743E0A20202020202020203C6F6D6764693A776179706F696E7420783D223939302E302220793D223330372E30223E3C2F6F6D6764693A776179706F696E743E0A20202020202020203C62706D6E64693A42504D4E4C6162656C3E0A202020202020202020203C6F6D6764633A426F756E6473206865696768743D2231342E30222077696474683D2234322E302220783D223931302E302220793D223235392E30223E3C2F6F6D6764633A426F756E64733E0A20202020202020203C2F62706D6E64693A42504D4E4C6162656C3E0A2020202020203C2F62706D6E64693A42504D4E456467653E0A2020202020203C62706D6E64693A42504D4E456467652062706D6E456C656D656E743D22666C6F773330222069643D2242504D4E456467655F666C6F773330223E0A20202020202020203C6F6D6764693A776179706F696E7420783D22313034322E302220793D223238302E30223E3C2F6F6D6764693A776179706F696E743E0A20202020202020203C6F6D6764693A776179706F696E7420783D22313230372E302220793D223139352E30223E3C2F6F6D6764693A776179706F696E743E0A2020202020203C2F62706D6E64693A42504D4E456467653E0A2020202020203C62706D6E64693A42504D4E456467652062706D6E456C656D656E743D22666C6F773331222069643D2242504D4E456467655F666C6F773331223E0A20202020202020203C6F6D6764693A776179706F696E7420783D22313034322E302220793D2236352E30223E3C2F6F6D6764693A776179706F696E743E0A20202020202020203C6F6D6764693A776179706F696E7420783D22313230372E302220793D223136302E30223E3C2F6F6D6764693A776179706F696E743E0A2020202020203C2F62706D6E64693A42504D4E456467653E0A202020203C2F62706D6E64693A42504D4E506C616E653E0A20203C2F62706D6E64693A42504D4E4469616772616D3E0A3C2F646566696E6974696F6E733E, '0'), ('170003', '1', 'activitiEmployeeProcess.png', '170001', 0x89504E470D0A1A0A0000000D49484452000004D2000001850802000000B7DE496C000049F449444154789CEDDD7B8C1BD77DE871C6AFAEDB38DAE0FAA11481C3A07F781137115107101114356DA0160BF4D64463D86CFF50091876543875164591B20F678BC6EADEA249D7BDA9C134894BB4F0BDBC08E42E102766632B6513D9D9FA21ADADC8A66529A623CBA12DCBA66B3D46D2AE76EE5952A6A9797186F3386766BE1F1C081477383C9C737EE7777EBB4B6E460700000000203419D91D000000000024196527000000002044949D000000008010517602000000004244D9090000000008116527000000002044949D000000008010517602000000004244D90900000000081165270078A6695AA3D12897CB8542219BCD66D24ABC7671054AA552BD5EEFF57AB287050012888C3340C6893BCA4E00F0A6D96C8AE42776000F3EF8E0633B771E3878F0CCCA4A3A9B78EDE20AECD8B163EBD6ADE29A88AD80ECC101804421E390711283B21300DCEAF57A954A65CB962D875E3D7466E50C6DB41D79F388D80A888BD3ED76650F1400C41E19878C9330949D00E08AD801E472B96F3DF0CD332BA76976EDE1EF3EBC79F3E64EA7237BB80020C6C838649CE4A1EC0400572A954A7F07708AE6DC1EDBF9E8F5D7FF86ECE102801823E390719287B21300C66B369B5BB6DCB4B2AAD1DCB42FFEE99F6CDFFE65D9830600B144C621E324126527008CA1695A369B7DF5706765F524CD4D3B76FCED4D9B3ED56EB7650F1D00C40C19878C9354949D003046BD5EAF542A2BAB2786ED86E26FBBFCC0F7D147A5AA6DDFFED7D56A55F6D00140CC9071C8384945D9090063944AA51D0F3556568F0FDA0D376DF9B9AEBF72567F69457FFEB4FEEC69FDE963AB0B0FFDE0FB87DF79F28CFE5F9AFEA4A6EF3AA13F7A4AFF875D7BEFDCF6B9E10353D59ED9FDE35C2E277BE8002066C838649CA4A2EC048031666666F6EDDB334C6F994CE698AE1F5FD3DF59D5DF3AA39FD0F53FFEF32F652EF860FEA6D2E115FDD069FDD029BDA3E90756F56FFFF8D9FEB79FE5A7E4E8DBB1E347A7A6A6640F1D00C40C19878C9354949D0030C6F4F4F49B470FAFAC1E1B3491D74F9CD54F9F5DFFD2EADAFABFDFF9DEBFFFF2AFFCEA5FDCFB95555D7F77557F67457F6B45EFE9FAA34F3DD7DF041C4B6713AF5DEEC00140EC9071C83849C50801C018FD44FEEEB089FF1E5FD58F9ED4CF9C3D7740AFD7FBFBAF7DFDCB7FF7B543AFADFFDDEA9535FD4C7F73F0C433CF1A1E9BAAC6260000BC22E39071928A11028031FA89FCBF876D7D1370563F72427FFD98BEA2EB674E9F9EB9E69A4CE6C24C66EA96DFDB3AFAC0A777EF313C36558D4D00007845C621E3241523040063F413F93BC336F895A7A327F5D7DED5DF38A53FBDEFA7575D75D585175D72E986CBCBBF7FDE26E0A967761B1E9BAAC6260000BC22E39071928A11028031FA89BC376CE2BF27D7F4B7B4F5EF3D1F39A5EF7CAAFDC94DD75D7EC5951BA63FFCF57FF9F6295D3F765A3F717AFD81BB969E323C36558D4D00007845C621E32415230400638864B6BAFAF6B00D729BD807BCB3A2BF7D467FEDDD9527F67636FDDAA76FF8CDDF7AE3B4FEBAA6BFA1E9474FEB621BB0EBC9A70C8F4D55631300005E9171C83849C50801C018FD44FED6B0156EB8FEB9175E7A7A6F7B69B9FDF8EEF6E37BF63FF1DCC1FF78F2F91FEF7DF987BBF7FF68F78B8FEF7971E9D9FD7B5FFAD9FDFFF4C0ADB7DD3AFAD85435360100E01519878C93548C10008CD1DF041C1D6D77DDF5B98C0B9FBDE516C30353D5D804008057641C324E523142003086791340631300006120E39071928A11028031D6370167DFA4796D6C0200C02B320E1927A918210018A3BF093842F3DAD804008057641C324E5231420030467F13F006CD6B631300005E9171C83849C50801C018FD4DC0EB34AF8D4D00007845C621E32415230400EB1A8D46A7D3B1FC527F13D0A5796D6C0200C01219878C93428C1000E8FBF7EF1F7C00FD65975DB663C70EC357FB9B809FD3BC363601006046C621E3A413230400BAA669175C70C1601F70F1C5175F7BEDB5A3DF8716779E3DFBDA64CDF2AFAB793D43B0CF6577C2E1FDE61B13BF7679430A008A0A24E38C1E36C15AED9C2F9C4F3E36B30C6E8FCD35C1E620328EFA18210058B771E3C6D1EC7BE9A597DE7EFBED6273A09FDB041C76DF4652F87977DA1D6695FB2D1E6879CCE87F47EF1CBDE1F0448653D9DD98ACB10900004BFE33CEE86113E7173727F7FA5CB2721019477D8C100055888CDB6AB5E6E6E60AEFC966B363D3553426A8B81CFEEB9C50338E09DEE1E476379CFB3FF6E15E73FFE899C520463D547D62E60C67919851CD66B3D7EBC99EE00002A672D6F0C36B9671F910F3A3CC4F9A31D58D2E3BE9D01FE7EE6502CA4119CA4EE5314200E413FB8652A93435353528125AEFB1FBC485306CD8B061984D4B7DA233ED765B3FF7BDE7573DB5E1436CB2F579C7383CD67CA4F9516E9ECBF278C39DC3E39D3BE0E92244367C0662E60C67919851C562717A7A5A0CE8E2E2A2AC2E0108900A59C30F9F19C72111D8E502C3F26E77DB2E0B78CA3B527290C48C03971821003275BBDDC1B7A8E5D603BD5E6F90F0666666EEB8E30EF16FA3D1187EB59FF00E796AC387981F3BFA25FB3C7DDE0186C71ACE697E2ECB1BCECF6577B0E54B707F11248EA9D9609F9ACBE5067B3B0071A448D6F0C37FC67158ED5D3ED09C172CB38CDD69EDD29043E20B3B07A9967160C6080190A6D96C8A742B8A01D91DD15F79E595A9A9A962B198CD66ABD5AAE11732FB39EF679EDAF0216E6ED83DD6E1F8D13BDFCBCD6E9F6BEC6DC3C9BDBEF6D113CA1A5007CBCBCBA2F21CDDE401880B75B2861F3E338ECBF5DC54DD39E51DC349BCE629CB9E78CA3BFE73909A1907A3182100722C2E2E160A0575DE7127FA53AFD72D7F41AB9FF65EF1D4860F7173C3EEB1CE075B9ED06AAB61FBA5D10386C7B8E9A1FB8B10F930BAA2695AB95C16C32DBB23003C502D6BF83171C6B14C10635386FB7C61CE02CEB9C3CD49A2C941CA661C0C3142002410B93697CBC565F7B09EF9D63A9EDAF021CE376CD3B0E900F3F1E6E772798FE56DC3F3DA9DC7EB45903D74B644E529F6AF4B4B4BB23B02C09578650D3FDC2FBC0E471ABEE4322519FE9D2CEB599E24821CA472C6C100230440827C3E1FA31D7F3FF3BDECA9BD97415F1E3ED6E186F9B1CE67B6BBC7A682B5FDD2E8019E7AE8FE22C81E3A2762173B333333F88B05001417AFACE187CB85D772F5B6BBC77279B74C0786CCE5F219CD8F351F10760E523CE340A7EC0410BDC5C5C552A924BB171EF433DF4FDD37F3F1837B0CF7DB9DD67CD8E83D96271F7B66BB3358DE1EF6D6708FD7A6FE2660767676616141762F008C11BBACE1879BF5D679911F2EE0E7577716EBBCE50DCB74E07C8CDDD99C1F186C0E523FE380110210B562B1D86C3665F7C2837EC23B38711B7DB8E1B6FD777FDF3FC0E16C2E8F71F955F3F38EDE33D90B973D7463B4DBED999919D9BD003046ECB2861F63D7DBB1B9C3FD3A3FF6E1865C60BE73F8AFC39DD1E420F5330E18210091EA76BB1B376E94DD0B6F262E3B9D6BC2B1A977EC3EC3CD46C4D3F9CD07389C27199B80F4FCE61E105371CC1A7EF8C938CEC9C8B92E75A8FACC29C6E1A99D9F25BC1C148B8C93728C108048C5F177A5FA09EF00CD6B8BC52680DFB3051417C7ACE1071927C11927E5182100918AE32EBFBF097889E6B5C5621390B61D2D103B71CC1A7E9071129C71528E110210A942A110BBBFF42D92D9DADA7E9AD7168B4D006FEF041417C7ACE1071927C11927E5182100918AE35BE9FA9B8017695E5B2C36019D4E279BCDCAEE05005B71CC1A7E9071129C71528E11021029B1C5171B7DD9BDF0A6BF0968D3BCB6B86C02E2D24F209DE29835FC20E3243BE3A41923042052D3D3D3BD5E4F762FBCE96F025EA0796D71D904C4A59F403AC5316BF841C64976C64933460840A4E29818FA9B80E7695E5B5CC63A2EFD04D2296D114AC64976C64933460840A4E29818A6A6A64E9EDCBDB6B68FE6A9C565ACE3D24F209DD216A1649C64679C34638400442A8E89219BCDBEFCF2F7A5E7D4D8B5B88C755CFA09A453DA22948C93EC8C93668C108048C53131148BC5479AB535FD2734F7ED85F677E2F28749E2382781F4485B849271929D71D22C5D910C40BA386E20E6E7E7ABD5DBD7F4BD34F7ED9FEB5FAE542AB287CE9538CE49203DD216A1649C64679C344B572403902E8E1B884EA73333F3F193DA536BFA733497AD54BA71717151F6D0B912C73909A447DA22948C93EC8C9366E98A6400D2C5740331B76E9BAE3F4B73D31A8DFF552E17650F9A5B319D93404AA43042C93809CE386996BA480620574C37109AA6150A9F5E5AFA575D5FA639B76E77E7CC4CB6D7FB91EC41732BA6731248891446281927C11927CD5217C900E48AEF06A2DD6EE772D7B4DBFFA6EB7B6876ADDB7D4CEC965AAD6FC81E2E0FE23B2781344867849271929A71D22C8D910C40A2586F20969696C43E607EFE8F747D37CDDC1617BF3A33938DDD0E20D6731248BCD446281927911927CD521AC9006489FB0642D3B46AB552285C57AFCF75BBDFD7F56768BD5EABD1F89B72F9A652A9206ECB1E22CFE23E2781644B73849271929771D22CBD910C408A646C205AAD56A552D9B871630699CCF4F474B95C6E341AB28765429944CC4920A9885032CEA8B8679C344B7B2403885826F51B08A8863909A88C084D956DDBB6B5DB6DD9BD402888640091620301D53027019511A1A9226ACE7C3EDF6AB5647704C1239201448A0D0454C39C04544684A64DAFD72B168BF57A5D76471030221940A4D8404035CC49406544680A699A56A954AAD5AAEC8E204844328048B181806A989380CA88D0D49A9F9F2F97CBA20495DD110483480610293610500D73125019119A668D46239FCF77BB5DD91D410088640091620301D53027019511A129B7BCBC2C2A4FF1AFEC8EC02F221940A4D8404035CC49406544283A9D4EA15068369BB23B025F88640091620301D53027019511A1D0DFFB78DB5AAD26BB23981C910C20526C20A01AE624A032221443DBFA64F70213229201448A0D0454C39C045446846254AD562B168BBD5E4F7647E019910C20526C20A01AE624A032221406CD66B35028743A1DD91D813744328048B181806A989380CA885098F1F1B67144240388141B08A8863909A88C0885A56EB72B2ACF46A321BB23708B480610293610500D73125019110A3B9AA695CBE5F9F979D91D812B44328048B181806A989380CA885038AB56AB954A4594A0B23B823188640091620301D5302701951922D42E6033F622E92664AAD7EB7CBCADFA08450091620700D530270195B92C3BBD1E333C926235195AAD563E9F6FB7DBB23B025B0415804891CBA11AE624A0B2A0CACE03F77D66B4AAFCCC7D07DC3C0A31226A4E51798AFA537647608D00031029F23A54C39C045416FC4F3BD70BD03B1FF1FA28C441AFD72B168BF57A5D7647608100031029F23A54C39C04543688D0619C9A6FD83DC4CE23775A159D2C0549A1695AA552A956ABB23B0223020C40A4C8EB500D731250995DD969B8D3D9FBA73B70DF67DEFBFD5A0F8F42DCCCCFCF97CB653EDE56294414804891C8A11AE624A03243056877DBF010BBB33D72A7C5BB3AC73E0A71D46834F2F97CB7DB95DD119C4380018814791DAA614E022A73283BCDFF75B8B3CFEE176C8D3F5345322C2F2F8BCA53FC2BBB23584774018814491DAA614E022A73AE33BD959D23BF616BF9105683E4E9743A8542A1D96CCAEE08283B01448BA40ED53027019505F949B6363FEC74F38BBB88AFC1C7DBD66A35D91D493B420B40A4C8E8500D73125059F07F4065DCC1AC0989B4AD4F762F528DB8021029D23954C39C045466FEB85AE783DD7F08ADC3917C926D22D56AB562B1D8EBF5647724A58828009122914335CC494065442802D46C360B8542A7D391DD9134229201448A0D0454C39C0454468422587CBCAD2C44328048B181806A989380CA885004AEDBED8ACAB3D168C8EE48BA10C90022C50602AA614E022A234211064DD3CAE5F2FCFCBCEC8EA408910C20526C20A01AE624A0322214E1A956AB954A4594A0B23B920A44328048B181806A989380CA885084AA5EAFF3F1B6D1209201448A0D0454C39C04544684226CAD562B9FCFB7DB6DD91D4938221940A4D8404035CC494065442822206A4E51798AFA537647928C480610293610500D73125019118A68F47ABD62B158AFD7657724B188640091620301D53027019511A1888CA669954AA55AADCAEE483211C90022C50602AA614E022A234211B1F9F9F972B9CCC7DB068E480610293610500D73125019118AE8351A8D7C3EDFED766577245188640091620301D53027019511A19062797959549EE25FD91D490E221940A4D8404035CC494065442864E9743A8542A1D96CCAEE484210C90022C50602AA614E022A234221D1E0E36D6BB59AEC8E2401910C20526C20A01AE624A0322214D26DEB93DD8BD8239201448A0D0454C39C045446844205B55AAD582CF67A3DD91D8931221940A4D8404035CC494065442814D16C360B8542A7D391DD91B8229201448A0D0454C39C04544684421D7CBCAD1F44328048B181806A989380CA885028A5DBED8ACAB3D168C8EE48FC10C90022C50602AA614E022A2342A11A4DD3CAE5F2FCFCBCEC8EC40C910C20526C20A01AE624A03222146AAA56AB954A4594A0B23B121B44328048B181806A989380CA885028AB5EAFF3F1B6EE11C90022C50602AA614E022A2342A1B256AB95CFE7DBEDB6EC8EC400910C20526C20A01AE624A03222148A1335A7A83C45FD29BB23AA239201448A0D0454C39C04544684427DBD5EAF582CD6EB75D91D511A910C20526C20A01AE624A0322214B1A0695AA552A956ABB23BA22E221940A4D8404035CC494065442862647E7EBE5C2EF3F1B69688640091620301D53027019511A1889746A391CFE7BBDDAEEC8E2887480610293610500D73125019118AD8595E5E1695A7F8577647D442240388141B08A8863909A88C08451C753A9D42A1D06C366577442144328048B181806A989380CA8850C4D4E0E36D6BB59AEC8EA882480610293610500D73125019118A58DBD627BB174A209201448A0D0454C39C0454468422EE6AB55AB158ECF57AB23B2219910C20526C20A01AE624A032221409D06C360B8542A7D391DD119988640091620301D53027019511A148063EDE96480610293610500D73125019118AC4E876BBA2F26C341AB23B2207910C20526C20A01AE624A032221449A2695AB95C9E9F9F97DD110988640091620301D53027019511A1489E6AB55AA95444092ABB2391229201448A0D0454C39C045446842291EAF57ADA3EDE96480610293610500D73125019118AA46AB55AF97CBEDD6ECBEE484488640091620301D53027019511A1483051738ACA53D49FB23B1205221940A4D8404035CC494065442892ADD7EB158BC57ABD2EBB23A1239201448A0D0454C39C0454468422F1344DAB542AD56A557647C245240388141B08A8863909A88C08454ACCCFCF97CBE5047FBC2D910C20526C20A01AE624A0322214E9D16834F2F97CB7DB95DD915010C90022C50602AA614E022A2342912ACBCBCBA2F214FFCAEE48F088640091620301D53027019511A1489B4EA75328149ACDA6EC8E048C480610293610500D73125019118A141A7CBC6DAD5693DD912011C90022C50602AA614E022A2342915ADBFA64F7223044328048B181806A989380CA8850A459AD562B168BBD5E4F76470240240388141B08A8863909A88C0845CA359BCD42A1D0E9746477C42F221940A4D8404035CC4940654428908C8FB7259201448A0D0454C39C045446840242B7DB159567A3D190DD91C911C90022C50602AA614E022A234281014DD3CAE5F2FCFCBCEC8E4C88480610293610500D73125019110A8CAA56AB954A4594A0B23BE219910C20526C20A08246A321A6E2D4D4542E971337366EDC28FEFDC55FFCC576BB2DBB6B00CE43D6000CEAF57A1C3FDE361591AC699AD86194CBE542A190CD663369255EBBB802A552494CD6E8672AA330207714549061030105FCDBBFFD9B393C6FB8E186C5C545D95D4B1456FE01567E3F32640DC0A4D56AE5F3F9787DAB34F991DC6C36C5722F72DE830F3EF8D8CE9D070E1E3CB3B292CE265EBBB8023B76ECD8BA75ABB82622F9310AA91A0545B081800A4439F40BBFF00BA385C1A73EF5A98D1B3752120488959F953F10640DC092A83945E529EA4FD91D712BC9912C760F954A65CB962D875E3D7466E50C6DB41D79F388487EE2E274BB5D4621F1A3A014361050C49FFDD99F5D74D145C3B2F30FFFF00FABD5AAEC4E25042B3F2B7F80C81A801DB1D8168BC5B87C272BB1912C862197CB7DEB816F9E59394DB36B0F7FF7E1CD9B3787F7F7671905154641356C20A08EABAEBA6A5073DE76DB6DD96C368E9FD0A020567E56FE60913500072273552A95587CDB34B1912C06A09FF34ED19CDB633B1FBDFEFADF6014123C0AAA61030175FCF0873FBCF8E28BC59C2C168BBCAB3328ACFCACFCC1226B0063CDCFCF97CB65C5BF799ACC486E369B5BB6DCB4B2AAD1DCB42FFEE99F6CDFFE65462191A3A020361050CA8D37DE38283B6577242158F959F90347D600DC68341AF97C5EE5DFDE4F60248B423F9BCDBE7AB8B3B27A92E6A61D3BFEF6A64D9F0AF6B3B018051546414D6C20A01491A1C59C4C43E84580959F953F0C640DC0A5E5E56551798A7F6577C45A0223B95EAF572A9595D513C37643F1B75D7EC4F9E8A352D5B66FFFEB607F299C51506114D4C40602AA614E0685959F953F0C4428E05EA7D329140ACD665376472C2430924BA5D28E87FEDFFB39EFA62D3FD7F557CEEA2FADE8CF9FD69F3DAD3F7D6C75E1A11F7CFFF03B4F9ED1FF4BD39FD4F45D27F4474FE9FFB06BEF9DDB3E273D034969CFEC5ECAE5728C42C246414183CFB7E46F54401DCCC900B1F2B3F2078E0805BC1A7CBC6DAD561BDEF3977FF9972A045102CBCE9999997DFBF6ACAC1E1FB44C26734CD78FAFE9EFACEA6F9DD14FE8FA1FFFF99732177C307F53E9F08A7EE8B47EE894DED1F403ABFAB77FFC6CFF1BAEC753D88E1D3F3A3535C528246C14542396BCEBAFBFFE5B0F3C5028145458FE00E664B058F959F98345840213DBD6A7F7DF4B72E1851796CB65D93D725D766A9AB6B8B8383737572A950AEF1195B4B8A7D16828B5164C4F4FBF79F4F0CAEAB1411399ECC459FDF4D9F52FADAEADFFFB9DEFFDFB2FFFCAAFFEC5BD5F59D5F57757F57756F4B75674F1021E7DEAB97EDA3B96CE16EC2FB1300A2A8C825206BB87A79FD97D666555FCCB1E02D2312703C7CACFCA1F202214F0A956AB8962ED777FF777C522F3E10F7F786C0439947BF57ADDFF87158D5FE9C4D38BE79B9A9A123D10CFBA63C7438FEDFCC1A03DFCDDEFDD73CF9744F52C324D3E9F57E46F95F653D7BBC326FE7B7C553F7A523F73F6DC01E2A2FFFDD7BEFEE5BFFBDAA1D7D62FDFCA9A7EA69F0E9F78E659C36353D5824D7B8C42D8A3303CD2FC1629CBC3EC1E1E8DD1DDC3A0B187805CF19A936EE2DA65ECEB568B46500B022B7FD82BBFF9823BFCD7F0258741777F9EB15F0D4ABC22145053A7D3B9F6DA6B07F17EE595577EFEF39FB73B52947BA2D01BF316FC4C2697CB895276E23FD3E2B4762C2F2F8B08179D10E5E530ECEDDAAEC79FD8BAF50F446F5AADD6645D094A3F75FDF7B0ADA7BDB3FA9113FAEBC7F4155D3F73FAF4CC35D7643217663253B7FCDED6D1073EBD7B8FE1B1A96A21949D8C42B8A360B969309FC1CD0E3554E6DD037B08C8A5CE9C74C8EE86C31CFEEBE698D1D39A978B40CB4E56FE70577EC30577FEAFCB4177791E37733510EA4428105F77DD75D785175E381AAA1FF9C847CC1F722B0AB77C3E3F36CC4765B3D9C9FED2B5ED62313F3F2F6AC8C776FE606CC1695811C44AB16DDB36897FAEB49FBADE19B64CFF977C8E9ED45F7B577FE394FEF4BE9F5E75D555175E74C9A51B2E2FFFFE7969EFA967761B1E9BAA166CE66014A21F054FE93F8C8D8225BBDD037B08C8A2E09C7428005C1EA09F5F1B581EE6507804B520B0F247BCF20732E8A337DC949461A70F05231488235161168BC52BAFBCF2139FF8C42FFDD22F89C8BDE8A28BAEBBEEBAE101A258AB542A869017D5DF17BFF8A7A3BFDC2ADA3DF77C69CB962D86234BA592D748B4583B4427CAE572B55AF554708EB67FBCFF7EB128C8FA73A5FDD4D51B36F1DF936BFA5BDAFA775B8F9CD2773ED5FEE4A6EB2EBFE2CA0DD31FFEFABF7CFB94AE1F3BAD9F38BDFEC05D4B4F191E9BAA1642D9C92844310AEE370A6E0E0B96F3EE813D04A2A7E69CCC38FEDCC9AEAE301F397AC31CE35EAB8BC95E082B7F342BBF794CF589063D63F5AD07737F2C1F1E461E51334281F8EA743A0B0B0BA298BCE28A2B3EF4A10F89FA73F0A64851A6197EC879F7DD5F3870F0A043E81D79F3A828F1366EDC387C48369BF5F437428DEB85A83945271A8DC6C435E7F0776EC579C44B0DEEBAB97E4999CCEAEADBC336581345E67B67457FFB8CFEDABB2B4FECED6CFAB54FDFF09BBFF5C669FD754D7F43D38F9ED645E2DBF5E45386C7A6AA059B3C1885B047C161D360DE67583EDCE7108FE566F7C01E025152764E8EDDF1EBE7D715E64DBFF90C86F5411FB75604F54258F9435DF90D57DB707B8241B74C137693D0F9B67FCA4628900083FAF3AAABAEDAB061C38B2FBE282AC661F8178B45E782D3507CDE73CF97868F9D9A9A5A5A5A72D907E37A512E97FDD79CC34541549ED1FFB6AD2175156EB8FEB9175E7A7A6F7B69B9FDF8EEF6E37BF63FF1DCC1FF78F2F91FEF7DF987BBF7FF68F78B8FEF7971E9D9FD7B5FFAD9FDFFF4C0ADB7DD2A3DFDC42BED310A1247C16E1B6AB781086FAF6066B97B10EBD4B0B18740C4549E93EECB4EBB07DA5520BA55751159D9C9CA1FC6CA3F7AB50DB7271EF4D13B2D53490465A7FB9A93AC01F8F18D6F7C637A7A7A18E6F76EDF3E4195F7E083FF47149C8333880AD6E5AFB89EB75ECCCFCFFBF9DD5A73DBB1E3A152A914CE45B37F49EB69EFADD176D75D9FB3DC9A1B7CF6965B0C0F4C550BA1EC6414C21D05973B48BBBD859FF17566B77B181D68F61088929A7372EC7A383C4C3715120E078CDE6977C3EEB9FCBF2256FEB057FED1D10C64D0DD3CFBD859EA93D79A93AC014CAC5C2E0FE357546A135779220087E5AB8844374FFDFE7AB1BCBC9CCBE502AC3907EDCE3B3F57ABD542BB74562F693DED1DA5796D41250F4621B251C8586D43CDFB804CB465A7C3EE61B487EC211019F5E7A465901AFE6B2830EC8E74887137F7F8C4CA1FC1CA6F1E413F836E481C634BCA60ABCD81C96A4EB2063081C5C5C561144FF673CED1F6F077BF373CDBC2C2C2D8677F7FE11035E76431EFDC0EBD7AF8631FCB46F9ABB6EB69EFEC9B34AF2DF8B253F62B8A639BACEC1CFDAF6EBF6D1D7BA77FCEBB87B15B7CF610085C2CE6A44331A99F1FE96E8E1CFBD58C15BFAFE1BD334B5F45E3D8FC5CFF60077DB2A9E8873942C546F69A6B66ECDE6976E4CDA39B366DFAD6030F9035800988726F10FEC5623190426FF83ECF8D1B378E2DF7CEAD1A833F121A78CD396877DFFD0537157050FA69EF08CD6B0BA1EC94FFA262D7FC979DE6CD84F9BF817FAF7A60EC77ACDD6CF1D9432040B198939EBE4FE45015582E088603DC3C971FACFC11ACFCE611F43FE8C3C3C64E30E7A7F3CAB2E61CBC61EC631FCB9A2BCF41CD39E82D9527E055A3D118848F88B243AF1E0EA4CA7BF7D8F1E167DBCECECE3A77E0DC9221C2D5EB9FE874DFC40B131D0AFF62BEF792D6D3DE1B34AF2D84B253FE8B8A5D9BA0EC74734C1845A6819BDF9272B9C5670F8140C4654E8EAD0A0C3F621A65F928E7BAC2F9B97C62E58F60E5B71CBE8907DD3C91CC13CC79B24D3C8B1C6ACE0143E5395A7352790213103132889DBBEFFE4280859E88C4C169A7A7A79D3BB0BE58882815C78554730EDAE6CD9BDD7FBAAE4FFDB4F73ACD6B0BA1EC94FFA262D7DC8F82E51ED4B05D70D84CF8D92B98B97C67CEE8538F5D34D843C08FB8CC493755C1E80DCBDDBFE549EC22DD61C5F08F953FEC957FF4529BEFF13FE896136CEC534FC01CA1A33F33191A569EE69A3363FA890D590370204263183B41FDA873D844A80ECEDC6AB51CFAB0BE76D4EBF54AA5126AD979EFF6EDD56A35C06BD76834ECFE28683FED75695EDB0489845150611442E530C443EE3F0D6274BBE066DD600F81C9302743C5CA9FF895DF0F3F5963F48331472BCFDD7BF658D69C0F7FF77B4428E09228F706B1236224F042EFCE3BCF7D68B973B9B7BED26DDBB6AD56AB855A763EB6F3072E3F5AD78DFDFBF70F5EDB65975DB663C70EE34B22ED4592F6180515462154CE433CE0E91308BD6EF1D9436002CCC950B1F2277EE5F7C37FD6B0AC3C2FB9E412373527110A3810E5DE207CFC7F80AD65A13738793E9F77E8C3FA4A572C16EDA237A876E0E0C18F7D2C1BD485D334ED820B2E18BCBC8B2FBEF8DA6BAF1DFDD65A3FEDFD7CB465AC188E71DF868FB53B89C3C92DFBE6F5242E0F76FF5CC3AF863A0A9E5E8ECFF17279BCFBD38E1DA6B1B3C2FD1305142501701E62DDFBA7DE4FB0C5670F014F9893610B70E57773F0D8B4E5E9E1CED9D94DDE09291728B5F2FB1148D6B0AC3C4739D49C44286047947B83080AA3E81385DEE0E4D9AC53B9B7BED285F4A75346DBBBC78E8B6522C06B677803C0A5975E7AFBEDB70F3EB757FCF7ECD9D746DBD87B1C5637F3F176B7CD779ACF33FCAAF3D3991F6B798C7337DC3FD7F0E05047C1B959F6CAB2936E5E8EE510589ECD7CF2B14F6438CCEEC6646D82510895C310DBED1E861FA53D317106F610980073321A41ADFC96078F1D0BBBB5DD7C8CE5226F977732368BB9FBFEF8C90519C5567E3F26C81A9E2ACFB13527110A581AFEE994908ABE61903AF461FD6B628D08FCADA596BD197E8052D8CE9E3D3CDADC1C337AB0F39DCE8FB53CFF644F37FAAFF978F72FDF4D37065F0D76801C9ECB4DF7C60E849B01721E38C3C5F474ADDCDFF07A11220B139FC4EEC1F2E3AFC3D8E29F09FA17F5914852E6645C02363213AFF92ED758F70F396B4ACAE693383C91DD43C2C80599F8ACFC7ED845A865FB8FD67F5E78E18586337CE0031F78E0817F767906B206306AF82D21BB3F8AEBB30DCFEFD087F5AFCDCCCCFC64DFBE08CACE00AFDD860D1B86CB50A94F2C2EED765B3FF7DDD657276E960F1FBB983A9FC1E5390DC78FFE6B3E95F9F8C99E6BF418B9A330FAD2EC3A6C775AF301E6AB67392E7657C3D3083A7460828B106098F8E730C4CBCBCB620F71E4CDA3116CF1C5B388E715CF28FB7A4069CCC96804B5F23B1C6C390A768FCDD82CC29619C1EE3C639F31D45C90516CE5F76382AC616E969F5B3B60F9F73C2DCF90DA08052C89726F104421157DC3BF7EE4D087F5AF85FA473B072DD8F7760E3F02585CC13BEEB843FCDB6834DE7F49EB4BFCA161B35CB6DECB1087CCCDEE7E375F351C637E2EF3F39A4F383C66F4B196A7B23C89A7E7327C35BC5170D32C5F9AC325B51C4DBBFF5A8EF8D80B3276E6D88DF5042F7FB2510895F310EB367B88C0B7F8EC1EE01E73326C01AEFC6E0E76382673FE629B31ADBDE6DB0EC738DFB013542EC8A8B4F2FB3159D6705F730E8CAD3CD31CA1809DE1AF548451F489A01B9CDCF94F77AEAF74954A65F44FEE86D1763DFEC4E6CD9B83BA70AFBCF28A28A98BC562369BAD56AB86DFDDEFAFF23F1B36C37F27BE7FEC574DD9C8FAE0E1976C72D879C738F7C4F9242E9F6BF4E0F046C14D33BC7CE71BCEE36279FCE89DCE1C1EEB70CED1937B7DED138F42A89C8778C0FD77AFCF4CF4F12DEC1EE01573325441ADFC0E69CECDE26CF755E7B53A634AB2E6073ADC082F1728B5F2FBE13F6B58D69C1FF8C0070CF738549E298F50C08E28F706E1F38FF7DF1F78A1F7937DFB0627CFE5720E7D585FE9161616EEBEFB0BA1969DA2ACDDBAF50F02BC768B8B8BF57ADDF26F43656C2A1087DB0E05CCD874E870064F5FB54C90A319D19C77274884CE1D0B6F145CE65DF7371C46CDFD888F1D293B8663DCF4D0FD45F01E0D217218E221F7BBFCD16BC8FE1EE1614E862A9095DFB0728ECD0B630F362CC2E67FC7DEB05BEA23C805AAADFC7EF8C91A9635A7A863FFE17F7FCDF2EF799A2B4F2214B0333F3F3F881D5191055EE8DDBB7DFBE0E4E572D9A10FEB2B9D581DB2D96CA865E7962D5B9ACD663497B5BFD6BF326CA3FFB5BB6D77BCE5971C4E6238C0F2C8D11BA60436FE899C4FEEF028BBE71A3D38BC5170D31C5EA3C30B31BC22C33DCEAFDAF2627ABDAA6E4EE5E92204380A9171B9CB1F1D0BF6F7081573520A970BA0DDEAEABCC8DB2DF599F333A6F9E40EEBB3D77B42CA05315DF9FD3047A85DCD39F8DC5ACBCFB635549E4428E0A0DD6E0F024784D2BBC78E075BE889701E9CBC5EAF3BF4E1DC4A17EAA70A89D7265EE1E0E3B323B0BED6AF75866DF4BF76B7ED8EB7FBD2E086F9C8E1FDE6030C8F353FDC7CF0FB09D5E6E1761C9ED4E135069BF61C2EA3C3E57578B1938D9AF3888FFDEA04577882171EDE2844C9CD2E7FF41AB2BF47D89893D173B900BAC9C5CE475A66CCB1F9CE210B382CF511E482F8AEFC7E982374EBD63F18BDBC86BF9562AE3CB76CD932DC3D13A1C058D96C76103B3B763C1460A137FCA39D82F35F2D3AB7D285FA7BB65FF9EA57C5C923B99EFD97B4BED6BF6C6E83FBDF4B1516078C1E36F67ECBC3864F317ACF487E3AEF815609CCF63CE69E7BBAEDF05CA30747300AEE2FBBDD4570393A9663E1FC140ECFE5E60A1BC6C8EB15086314223676973F3A03D9DF2302CCC988B959F7EC9662C3026EC9611DB6CC6ECE8BBC61D176D3BD907241AC577E3F1C2A4FCBBFCF395A795273025E55ABD541F86CDAB429C01F78FECECD370F4E5B2A959C3B706EA5D3344D54C061FCF54EF1AA3EF6B16CB7DB0DFF62BEF792D697F89F8EB6F71280D33DA35F72BE73F858BBD3DA9DD9FC7087A7187BCFD83EBB7CAED13B431D054FCDFCDA0D57D86A3B6231B276B7BD4E8CB157DE7CA927BB0271DF7C38EFF247C78BFD3DA2C19C8CD2D8756F822CE690DD46D77FCB157E6CD6737E5464B920EE2BBF1F9695A765CD395A7952730213E8F57AC3BFAE79EFF6ED81147ABB1E7F62B8148F0DC3F757BA46A371EB6DB7055E7646FCA34EFD5CDA3B3868EF258083966DF025874AC6F070CBB30DEF1C7EC9F93CE61BE6339B4F68F892E50B71B8DFCD350936ED395C76E76677915DBE52F3A9EC46D3E16C9ECE6F778527BB02C18E82140EBBFCD181607F8FC8302723E3BCEE79FDAAC342EA90319DCF66970BC6E68B50734102567E3FCC112A6A4B878DE54FF6EDA3E60426B3B0B0305897A6A6A6FCFF259503070F0EEBD86DDBB68D7DF6F356BADFB9F9E6607FD9572C0D831FE38676F5AC5ED2FA127F80E6B5059BF6180515464116BB5DBEF3169FDD03C2C39C8C062B7F9A577E3F3CFDDD232214F0239FCF0FB29EA8189DFF04AE7313F5DDF063C0C4A9DCFC66EB792B5DAFD7DBBC7973509F2D34F85032F17A42BB6E362F693DEDBD44F3DA42283BE5BFA8D8B5C46C3E2CF710F7DCF3A56163F78088312723C0CA9FF295DF0FAF9527110A4C66D7AE5DC3F7488B72D1F9970BECDAA1570F0F6BCEA9A9A956ABE5E6A98D2B5DBBDD1695A79FDA77B81CFCCECD373FFCDDEF057FB5C6BE24D29E02698F51506114E472BF8760F780683027C3C6CACFCAEF07110A04AED3E92C2C2CDC7CF3CDB95CEEA31FFDE88D37DE286E882A71F89B3EA268FCC7FBEFF754E5ED7AFC89E1EFD60AE2FC2E3B63B1D2893016F5AB38E3C435E74FF6ED13B5AB949A53EFA7BDB5B5FD34AF2DF0B253FA2B8A634BD8E6C3CD1E82DD03A2C49C0C152B3F2BBF4F442810886EB7FBEBBFFEEB86F7AB5F73CD35575F7DF5E06F9C2C2E2E8EFE452251FAD97D8E97E1879CB7DE76DBE839DDD79CBA65D9A9F77FDB5684FD3DF77CC9EBEFD9BF7BECF857BEFAD5C16FEA0673D9BCEBA7BD17695E5B0865A7FC1715BB96BCCD87F31E82DD03A2C79C0C0F2B3F2BBF7F4428E09FA8062FBAE8A2D1FA50149C1FFAD087344D1B1ED36EB7676666468F11C5A7A8FECC6FB714D5E63FDE7FFF962D5B460F1655ABCBDFAD1DB25DE944B7C4135F73CD8C28235DFE69976F3DF08038FEEEBBBF201685892F937FFDB4D7A6796D21949DF25F54EC5A22371F767B08760F9085391912567E56FE4010A1804FA28EAB542A975F7EF9A0441425A828291717170D87F57ABDB9B9B9A9A9A98C95CD9B37DB7DA95C2E4FF0D731C7AC74E28CB3B3B3A29CFD9D9B6F1655A5F95DA7E29E071FFC3FB7DE769B3866EBD63FE8743A5E7B10B87EDA7B81E6B5855076CA7F51B16B49DD7C98F710EC1E201773320CACFCACFC41214201FFDAEDF615575C215698CF7EF6B3C562D1EE3051EE891AD5B2BC341361B8B4B434597F5CAD74A26216F5B1E8D0F0338B467F1A2B6ACE46A331F845611588BAFCE4C93D6B6BCFD33CB560D31EA3A0C2282865740FC1EE012A604E068E959F953F404428E0D3DCDC9CA8D42EB9E49299991951823A1F2CCA3D51D089722F97CB19CABD6C365B2A956AB5DA043FE11C95C0954E5C9A975FFEFEDADA3E9AA7166CDA6314541805D50CF610070E1E64F70045302783C5CACFCA1F2C2214984CAFD71385A2283B453179F1C5178B089AE024A2040DB657095CE98AC5E223CDDA9AFE139AFBF642FB3B3333338C42C246414162DF2036A6EC1EA00EE6648058F959F9034784025EB5DBED7C3E3F7C27E7B66DDB2688A0279F7C3293C904FBDBAC092C3BE7E7E7ABD5DBA5279278B57FAEDF1BECB73418051546414D69788D8817E6645058F959F9C3C0F501DC13D5A6A839C7FE4AED58575F7DB5283B3FFFF9CF07D2AB8104969D9D4E6766E6E327B5A7D7F4BD3497AD54BAD1FCF1568C42DC47414DFC3A199412C63774538B959F953F0C640DC0A5B9B9B952A9E43FA3DD77DF7D8377757EE4231F09F0770D9219C973EBB6ADE9CFD1DCB4FFDBF8DB72D9F6E3AD1885588F8282D8404029617C4337CD58F959F90347D600C612A566B15814EB6F20A71AFEDD944B2EB9E4BAEBAEF37FCE816446B2A66985C2A79796FE55D79FA539B76E77E7CCCCC77BBD5D8C42224741416C20A08E90BEA19B66ACFCACFC81236B00CE44FECAE572CD663390B3954AA5D18FB1BDFAEAABEBF57A20674E6C24B7DBED5CEE9A767B518C05CDAE899C27F607ADD6371985048F826AD8404011E17D4337E558F959F98345D6001C341A8D7C3EDFE97402399BC88CE6BFD5F9D18F7E54D334FF274F72242F2D2D89CC373FFF47BABE87666E8B8B5F9D99C9B65ADF6014123F0A4A6103014584F70D5DB0F2B3F20788AC01D8999D9D2D97CB81D48403DFFCE6370739F1939FFCE4303F7EE2139F68B55AFE4F9EF04816C350AD560A85EBEAF5BFEA761FD5F5DDB45EEF3F1B8DBF2997B7944A05719B5148C928A8830D045410EA3774A1B3F2B3F20787AC0198892C562814161616823DED8F7EF4A30F7EF083D96C767A7A5A84DEC6BE2BAFBC92B2D32D71A52A95FFB971E3FF306F3252687AFAB272F92691F9180589648D820A326C20A08050BFA18B2156FE51695EF9FDC8903580F30DDECC1952C212271FFCCAEE20F4C4EDA03EFB804846EAF017C0E46203011584FA0D5D0001226B00A36AB55A806FE6741078E811C9481D12985C5C7F2822BC6FE8020810590318D0346D5B5F34EF07A1EC04FC2281C9C5F5876A989380CA885040E876BB8542A156AB45F68C949D805F2430B9B8FE500D73125019110AF43F1E3C27FE8DF249293B01BF48607271FDA11AE624A03222142957ABD50A8542B7DB8DF879293B01BF48607271FDA11AE624A0322214A915F19B390D283B01BF48607271FDA11AE624A0322214E9D4E974F2F97C946FE634A0EC04FC2281C9C5F5876A989380CA8850A450ABD5CAE572723F5F9DB213F08B042617D71FAA614E022A234291360B0B0B8542A1D7EBC9ED066527E017094C2EAE3F54C39C04544684223D344D2B97CBB3B3B3B23BB28EB213F08B042617D71FAA614E022A23429112833773361A0DD91D3987B213F08B042617D71FAA614E022A23429106CD6653FA9B390D283B01BF48607271FDA11AE624A032221489373737572C16A5BF99D380B213F08B042617D71FAA614E022A23429160A2D42C954AA2EC94DD110B949D805F2430B9B8FE500D73125019118AA46AB7DBF97C7E7171517647AC5176027E91C0E4E2FA4335CC49406544281249549BA2E61495A7EC8ED8A2EC04FC2281C9C5F5876A989380CA885024CFDCDC5CA95452EDCD9C06949D805F2430B9B8FE500D73125019118A2411A566B15854F3CD9C06949D805F2430B9B8FE500D73125019118AC4585E5ECEE572CD665376475CA1EC04FC2281C9C5F5876A989380CA88502443A3D1C8E7F39D4E477647DCA2EC04FC2281C9C5F5876A989380CA885024C0ECEC6CB95CD6344D76473CA0EC04FC2281C9C5F5876A989380CA8850C45AAFD72B140A0B0B0BB23BE2196527E017094C2EAE3F54C39C0454468422BE066FE66CB55AB23B3209CA4EC02F12985C5C7FA8863909A88C08454CD56AB578BD99D380B213F08B042617D71FAA614E022A2342113B9AA66DEB8BD79B390D283B01BF48607271FDA11AE624A0322214F1D2ED760B8542AD5693DD11BF283B01BF48607271FDA11AE624A032221431B2B4B494CBE5C4BFB23B1200CA4EC02F12985C5C7FA8863909A88C08455CD46AB542A1D0ED7665772418949D805F2430B9B8FE500D73125019110AF525E3CD9C06949D805F2430B9B8FE500D73125019110AC5753A9D7C3E9F8037731A5076027E91C0E4E2FA4335CC494065442854D66AB572B9DCF2F2B2EC8E048FB213F08B042617D71FAA614E022A2342A1AC85858542A1D0EBF564772414949D805F2430B9B8FE500D73125019110A05699A562E9767676765772444949D805F2430B9B8FE500D73125019110AD50CDECCD968346477245C949D805F2430B9B8FE500D73125019110AA5349BCDA4BE99D380B213F08B042617D71FAA614E022A2342A18EB9B9B962B198D437731A5076027E91C0E4E2FA4335CC494065442854204ACD52A924CA4ED91D890E6527E017094C2EAE3F54C39C0454468442BA76BB9DCFE717171765772452949D805F2430B9B8FE500D73125019110AB944B5296A4E5179CAEE48D4283B01BF48607271FDA11AE624A032221412CDCDCD954AA594BC99D380B213F08B042617D71FAA614E022A2342218528358BC562AADECC6940D909F84502938BEB0FD53027019511A188DEF2F2722E976B369BB23B22136527E017094C2EAE3F54C39C0454468422628D46239FCF773A1DD91D918CB213F08B042617D71FAA614E022A234211A5D9D9D972B9AC699AEC8EC847D909F84502938BEB0FD53027019511A18846AFD72B140A0B0B0BB23BA20ACA4EC02F12985C5C7FA8863909A88C084504066FE66CB55AB23BA210CA4EC02F12985C5C7FA8863909A88C0845D86AB51A6FE634A3EC04FC2281C9C5F5876A989380CA88508447D3B46D7DBC99D38CB213F08B042617D71FAA614E022A234211926EB75B28146AB59AEC8E288AB213F08B042617D71FAA614E022A23421186A5A5A55C2E27FE95DD11755176027E91C0E4E2FA4335CC49406544280257ABD50A8542B7DB95DD11A55176027E91C0E4E2FA4335CC494065442802C49B39DDA3EC04FC2281C9C5F5876A989380CA885004A5D3E9E4F379DECCE9126527E017094C2EAE3F54C39C045446842210AD562B97CB2D2F2FCBEE486C5076027E91C0E4E2FA4335CC4940654428FC5B585828140ABD5E4F7647E284B213F08B042617D71FAA614E022A2342E187A669E572797676567647E287B213F08B042617D71FAA614E022A3344A85DC066EC45D24DA868F066CE46A321BB23B144D909F84506928BEB0FD530270195B92C3BBD1E333C926235A99ACD266FE6F483B213F08B5C2217D71FAA614E022A0BAAEC3C70DF6746ABCACFDC77C0CDA31053737373C562913773FA41D909F8455E918BEB0FD53027019505FFD3CEF502F4CE47BC3E0A31214ACD52A924CA4ED91D893DCA4EC02FF28A5C5C7FA8863909A8CCE1F760ED7E1BD639A81FB9D3AAE86429488476BB9DCFE717171765772409283B01BFC82B7271FDA11AE624A032373FEDF4509A1EB8EF33EFFD7EED04052D5426AA4D51738ACA5376471282B213F08B442217D71FAA614E022A1B8DD0C1EDB131EB70C023775ABCAB73ECA3A0BEB9B9B952A9C49B390344D909F8455E918BEB0FD530270195055A76DAFD82ADDB334341A2D42C168BBC993370949D805F2415B9B8FE500D731250D93042CDF5E7D887188DFC86ADE543580D626779793997CB359B4DD91D4920CA4EC02F928A5C5C7FA8863909A82CC8B2D3E6879DEECF0CA5341A8D7C3EDFE97464772499283B01BFC8287271FDA11AE624A032BB9F433A44AEA7A0F67466A8637676B65C2E6B9A26BB238945D909F8453A918BEB0FD530270195397CA8ACF94B9E3E84D6D399A18E5EAF572814161616647724E1283B01BF48247271FDA11AE624A0322214A3066FE66CB55AB23B927C949D805F2430B9B8FE500D73125019118AA15AADC69B392343D909F84502938BEB0FD53027019511A110344DDBD6C79B392343D909F84502938BEB0FD53027019511A1E876BB8542A156ABC9EE48BA5076027E91C0E4E2FA4335CC4940654468CA2D2D2DE57239F1AFEC8EA40E6527E017094C2EAE3F54C39C04544684A659AD562B140ADD6E577647D288B213F08B042617D71FAA614E022A2342D38937734A47D909F84502932B19D75F64C146A3512E970B8542369BCDA49578EDE20A944AA57ABDDEEBF5640FCB8432899893405211A1649C8164649C18C95076023E051E45F02401D7BFD96C8AE42776000F3EF8E0633B771E3878F0CCCA4A3A9B78EDE20AECD8B163EBD6ADE29A88AD80ECC1994402E6249060298F50324EC2324E8C5076027EA53C814917EBEBDFEBF52A95CA962D5B0EBD7AE8CCCA19DA683BF2E611B115101727766FC289F59C04122FB5114AC64964C68911CA4EC0AFD4263045C4F7FA8B1D402E97FBD603DF3CB3729A66D71EFEEEC39B376F8ED7DFF28EEF9C04D2209D114AC6496AC68911CA4EC0AF74263075C4F7FA572A95FE0EE014CDB93DB6F3D1EBAFFF0DD9C3E5417CE7249006E98C50324E52334E8C5076027EA53381A923A6D7BFD96C6ED972D3CAAA4673D3BEF8A77FB27DFB97650F9A5B319D93404AA43042C93809CE383142D909F895C204A694385E7F4DD3B2D9ECAB873B2BAB27696EDAB1E36F6FDAF4A976BB2D7BE85C89E39C04D2236D114AC64976C68911CA4EC0AFB42530D5C4F1FAD7EBF54AA5B2B27A62D86E28FEB6CB0F7C1F7D54AADAF6ED7F5DAD56650F9D2B719C93407AA42D42C938C9CE383142D909F895B604A69A385EFF52A9B4E3A1FFF7FE0EE0A62D3FD7F557CEEA2FADE8CF9FD69F3DAD3F7D6C75E1A11F7CFFF03B4F9ED1FF4BD39FD4F45D27F4474FE9FFB06BEF9DDB3E273D1F4B69CFEC5ECAE572B287CE9538CE49203DD216A1649C64679C18A1EC04FC4A5B02534D1CAFFFCCCCCCBE7D7B56568F0F9A7809C774FDF89AFECEAAFED619FD84AEFFF19F7F2973C107F337950EAFE8874EEB874EE91D4D3FB0AA7FFBC7CFF6BFFD7C3C85EDD8F1A3535353B287CE9538CE49203DD216A1649C64679C18A1EC04FC4A5B02534D1CAFFFF4F4F49B470FAFAC1E1B34F1124E9CD54F9F5DFFD2EADAFABFDFF9DEBFFFF2AFFCEA5FDCFB95555D7F77557F67457F6B45EFE9FAA34F3DD7DF041C4B678BCB58C7A59F403AA52D42C938C9CE383142D909F8C5C224571CAF7F3F91BF3B6CE2BFC757F5A327F53367CF1DD0EBF5FEFE6B5FFFF2DF7DEDD06BEB7FB77A654D3FD3DF1C3CF1CCB386C7A6AAC565ACE3D24F209DD216A1649C64679C18A1EC04FC6261926B6A6A4AD334D9BDF0A69FC8FF7BD8D6370167F52327F4D78FE92BBA7EE6F4E9996BAEC9642ECC64A66EF9BDADA30F7C7AF71EC36353D5E2126B71E927904E71CC1A7E9071929D716284B213F08B8549AE6C36DBE97464F7C29B7E227F67D806BFF274F4A4FEDABBFA1BA7F4A7F7FDF4AAABAEBAF0A24B2EDD7079F9F7CFDB043CF5CC6EC36353D5E2126B71E927904E71CC1A7E9071929D716284B213F08B8549AE5C2EB7BCBC2CBB17DEF413796FD8C47F4FAEE96F69EBDF7B3E724ADFF954FB939BAEBBFC8A2B374C7FF8EBFFF2ED53BA7EECB47EE2F4FA03772D3D65786CAA5A2C62ADDBED6EDCB851762F00D88A63D6F0838C93E08C132F949D805F2C4C72150A8556AB25BB17DE8839B3BAFAF6B00DA690D807BCB3A2BF7D467FEDDD9527F67636FDDAA76FF8CDDF7AE3B4FEBAA6BFA1E9474FEB621BB0EBC9A70C8F4D558B45AC753A9D6C362BBB17006CC5316BF841C64970C68917CA4EC02F1626B92A954ABD5E97DD0B6F0C89BC70C3F5CFBDF0D2D37BDB4BCBEDC777B71FDFB3FF89E70EFEC793CFFF78EFCB3FDCBDFF47BB5F7C7CCF8B4BCFEEDFFBD2CFEEFFA7076EBDED56E9C9984D808366B3592C1665F70280AD38660D3FC83809CE38F142D909F8C5C22497D83D883D84EC5E78D3DF04BC35DAEEBAEB7319173E7BCB2D8607A6AAC522D6E6FA64F70280AD38660D3FC83809CE38F142D909F8C5C22457BBDD9E999991DD0B6FFA9B80A334AF2D16B1562C169BCDA6EC5E00B015C7ACE1071927C119275E283B01BF5898A48BDDE743AC6F02CEBE49F3DAD48FB56EB79BCD6653F5B71980388A5DD6F0838C93D48C133B949D805F2C4CD22D2C2CCCCECECAEE8507FD4DC0119AD7A67EACC56E2A02E994AA5025E32435E3C40E6527E0170B93749AA665B3D96EB72BBB236EF537016FD0BC36C5632D76F31048AD54452B19279119278E283B01BF589854D06AB50A8582EC5EB8D5DF04BC4EF3DA148FB5B47D3C26106BF1CA1A7E9071129971E288B213F08B8549117373734AFDD254A3D1E8743A965FEA6F02BA34AF4DE5585B5858D8B66D9BEC5E00F040B5ACE1071927551927A6283B01BF5898D451AD568BC562AFD793DD117DFFFEFD830FA0BFECB2CB76ECD861F82A9B80246D02344DAB542AD49C401CA99335FC20E3A427E3C41A6527E0170B93529ACD66369B9D9B9B93FBA61D518A5C70C105837DC0C5175F7CEDB5D78E7E1FBABF09F8F964CDF2AFAB793DC3D87B0CF73B3F85FB87FB79E18387CB1B520B62ABBAB0B020E61BBF5B0BC4972259C38F9032CEE803033989C3A9CCCF3536B3A42DE324006527E0170B936A4431203610621B512C16C58D56AB25A51B1B376E1CAD0C2FBDF4D2DB6FBF7DF0A735C47FCF9E7DCD7D1B9EC470A7DD6166E6239DCF637763EC138D3EDDD8F3786D8AC49A9851F3F3F3A55249CCB1D9D9D9F86E55010C289235FC0830E3B8CF1441651CC3630D2923E519274902BFA48C10528785494D22DD369B4DB18128140A639356F4CE9E3DECA9191E627906BBD38EDEEFA64BC3DBA337460F73EEBFE5C3ED6E78BD082A8CA6E843B55A5D5C5C8CFB2FE60118A578D6F06382F5D69C3B267B94CB2E393C97F35367C2CC38B2A764D2047E491921A40E0B132C6DD8B061985F4B7D622BD36EB7F573DF7B7ED5531B3EC4267F9F778CDD63BD1E33B831B6B796078CF6CDDCC309AEC0E051B247150054146CC6B15CA50D69C22E1979CA380E75E9687623E324036527E0170B13CC7ABDDE2005CECCCCDC71C71DE2DF46A331FC6A3F051EF2D4860F313F76F44BF699DB78B0DD49CC27B47CA0A7E7327C7582973F3C8FC431050035059E712C938ECBF378CD3863FF4BC6498CC02F292384D4616182D92BAFBC323535552C16B3D96CB55A35FC36663F0BFECC531B3EC4CD0DBBC7BA3CC6EE4EBBF38CBD3D7A6382D73E7A4259030A00CA0A2FE338DF36558093671CF3A3C838C943D909F8C5C2044B8B8B8BF57ADDF20FA9C92D3BEDBF67ECAD3F63CF33FCEFD81EB20900003F02CC38CE75A3DD7A6E57763A670ACBFB2DCB4E324E02047E491921A40E0B13BCEAE7C2573CB5E1439C6FD827666FCF35F63C636F8F1E6FBE315923D600C02B3F0BAFC3630D5FF2B9CE9BF308192779283B01BF5898E0D57A2E5CEB786AE7726AFFC6F01EBB1BE6C78EBDDFF2B6DD330EFB635D9ADA9CC7A127EE2F82ECA10380989978E1B5CB1196F778CA44968F35FF4BC64918CA4EC02F162678D5CF852FBB6FE6E307F718EEB73BEDE8FD86079ABF64BEE17CB09BDBC3F3589ECAD375903D7400103313AFB7CEF758558013669C60B30F194759949D805F2C4CF0AA9F027F3A711B7DB8E1B6FDF783CF3BDED001C39D861BE6FB1DFA6379FFB00F634F35F685CB1E3A00889909D65BF7D9C44D8672C838C37F1DEE24E324066527E0170B13BCEAA7C08313B4F7B2A9F14EC30D3707987612D6F75BED396CCF6FD755CBF34FF6F2650F1D00C4CCC419C7E56A6FB7B6BBC93896478E4D2E649C98A2EC04FC62618257FD147880E6B5116B00E01519878CA308CA4EC02F162678D5DF04BC44F3DA883500F08A8C43C651046527E0170B13BC6213C0260000A241C621E32882B213F08B85095E8939B3B6B69FE6B5116B00E01519878CA308CA4EC02F162678D5DF04BC48F3DA883500F08A8C43C651046527E0170B13BCEA6F02DA34AF8D580300AFC838641C455076027EB130C1ABFE26E0059AD746AC018057641C328E22283B01BF5898E0D5D4D4D4C9937BD6D69EA7796AC41A007845C621E32882B213F08B85095E65B3D9975FFEFEDADA3E9AA746AC018057641C328E22283B01BF5898E055B1587CA4595BD37F4273DF5E687F67666646F6D00140CC9071C8388AA0EC04FCA2EC8457F3F3F3D5EAEDD2D36ABCDA3FD7EFAD542AB2870E0062868C43C651046527E0176527BCEA743A33331F3FA93DBDA6EFA5B96CA5D28D8B8B8BB2870E0062868C43C651046527E01765272630B76EDB9AFE1CCD4DFBBF8DBF2D978BB2070D0062898C43C651016527E017652726A0695AA1F0E9A5A57FD5F56769CEADDBDD3933F3F15E6F97EC4103805822E390715440D909F845D989C9B4DBED5CEE9A767B51D79769764DEC00C46EA9D5FAA6ECE102801823E39071A4A3EC04FCA2ECC4C4969696C43E607EFE8F747D0FCDDC1617BF3A33936DB5BE217BA00020F6C838641CB9283B01BF283BE187A669D56AA550B8AE5EFFAB6EF7515DDF4DEBF5FEB3D1F89B72794BA95410B7650F1100240419878C23116527E0176527FC6BB55A95CAFFDCB8F17F6490C94C4F5F562EDF24F601B287050012888C338A8C13990C6527E053E0510400000024096527E0176527000000E080B213F08BB2130000007040D909F845D90900000038A0EC04FCA2EC040000001C5076027E5176020000000E283B01BF283B0100000007949D805F949D0000008003CA4EC02FCA4E000000C0016527E0176527000000E080B213F08BB2130000007040D909F845D90900000038A0EC04FCA2EC040000001C5076027E5176020000000E283B01BF283B0100000007949D805F949D0000008003CA4EC02FCA4E000000C0016527E0176527000000E080B213F08BB2130000007040D909F845D90900000038A0EC04FCA2EC040000001C5076027E5176020000000E283B01BF283B0100000007949D805F949D0000008003CA4EC02FCA4E000000C0016527E0176527000000E080B213F08BB2130000007040D909F845D90900000038A0EC04FCA2EC040000001C5076027E5176020000000E283B01BF283B0100000007949D805F949D0000008003CA4EC02FCA4E000000C0016527E0176527000000E080B213F06B6A6A4AD334D9BD000000001445D909F895CD663B9D8EEC5E000000008AA2EC04FCCAE572CBCBCBB27B1133964BCFF0CE8CC9D8C73ADC0F000000B9283B01BF0A8542ABD592DD8B9871533A8E56A16E1E4ED9090000A026CA4EC0AF4AA552AFD765F72206CC3FC3B4FC61A6F921EECF1F504F01000010984EA793CD66833D27DB3EA48EA83945E529BB1731E35C22BA2C4D3D55B000000090A2D96C168BC560CFC99E0FA9D36EB767666664F722661CCA48DDEAD76BCD6FFB74794E000000C8B5B0B0303B3B1BEC39D9F6218DF854A1B11C7EC376B48C1C969DCE3FC63497A33A652700008092CAE572A3D108F69C6CFB9046617C0B27C1C6FEC4D2E1A79DE6FFDA1D03000000154C4F4FF77ABD60CFC9B60F69A4695A369BED76BBB23B1203A385A5B950F4FAD34E9DB21300004061AD56AB5028047E5AB67D48A990222A615CFE18D3D34F3B9DEF0400008044A55269717131F0D3B2ED437ACDCDCDF1ABB6760C3FB134DC36BFB7D3F05FE7B2D3E1B77601000020CBD2D2523E9F0FE3CC6CFB906AD56AB5582C06FECBEBC9635722BA291DED7E4117000000EAE876BBA2E6EC743A619C9C8D20D2AED96C66B3D9B9B939DEEAE9C0F9F3841C3EEDD6FC635287B780020000408AC1CF39C3FB5B0FECF900BDD7EB89B253149FC56251DC68B55AB27B04000000844ED3B446A3512E9745CDD96EB7C37B22CA4EE01C1175CD6653949D8542C1E1277800000040324C4D4D85F1573ACD283B010000000021A2EC04000000008488B213000000001022CA4E000000004088FE3FD5A0BF5957218CC70000000049454E44AE426082, '0'), ('217577', '1', 'hqProcess.bpmn', '217576', 0x3C3F786D6C2076657273696F6E3D22312E302220656E636F64696E673D225554462D38223F3E0A3C646566696E6974696F6E7320786D6C6E733D22687474703A2F2F7777772E6F6D672E6F72672F737065632F42504D4E2F32303130303532342F4D4F44454C2220786D6C6E733A7873693D22687474703A2F2F7777772E77332E6F72672F323030312F584D4C536368656D612D696E7374616E63652220786D6C6E733A7873643D22687474703A2F2F7777772E77332E6F72672F323030312F584D4C536368656D612220786D6C6E733A61637469766974693D22687474703A2F2F61637469766974692E6F72672F62706D6E2220786D6C6E733A62706D6E64693D22687474703A2F2F7777772E6F6D672E6F72672F737065632F42504D4E2F32303130303532342F44492220786D6C6E733A6F6D6764633D22687474703A2F2F7777772E6F6D672E6F72672F737065632F44442F32303130303532342F44432220786D6C6E733A6F6D6764693D22687474703A2F2F7777772E6F6D672E6F72672F737065632F44442F32303130303532342F44492220747970654C616E67756167653D22687474703A2F2F7777772E77332E6F72672F323030312F584D4C536368656D61222065787072657373696F6E4C616E67756167653D22687474703A2F2F7777772E77332E6F72672F313939392F585061746822207461726765744E616D6573706163653D22687474703A2F2F7777772E61637469766974692E6F72672F74657374223E0A20203C70726F636573732069643D22687150726F6365737322206E616D653D22E4BC9AE7ADBEE6B581E7A88B2220697345786563757461626C653D2274727565223E0A202020203C73746172744576656E742069643D2273746172746576656E743122206E616D653D22E5BC80E5A78B223E3C2F73746172744576656E743E0A202020203C757365725461736B2069643D22757365727461736B3122206E616D653D22E4BC9AE7ADBE222061637469766974693A61737369676E65653D22247B61737369676E65657D222061637469766974693A666F726D4B65793D222F70616765732F6C656176652F6875697169616E2E6A7370223E0A2020202020203C6D756C7469496E7374616E63654C6F6F7043686172616374657269737469637320697353657175656E7469616C3D2266616C7365222061637469766974693A636F6C6C656374696F6E3D2261737369676E65654C697374222061637469766974693A656C656D656E745661726961626C653D2261737369676E6565223E0A20202020202020203C636F6D706C6574696F6E436F6E646974696F6E3E247B6E724F66436F6D706C65746564496E7374616E6365732F6E724F66496E7374616E636573202667743B3D20302E36207D3C2F636F6D706C6574696F6E436F6E646974696F6E3E0A2020202020203C2F6D756C7469496E7374616E63654C6F6F704368617261637465726973746963733E0A202020203C2F757365725461736B3E0A202020203C656E644576656E742069643D22656E646576656E743122206E616D653D22E7BB93E69D9F223E3C2F656E644576656E743E0A202020203C73657175656E6365466C6F772069643D22666C6F77312220736F757263655265663D2273746172746576656E743122207461726765745265663D22757365727461736B31223E3C2F73657175656E6365466C6F773E0A202020203C73657175656E6365466C6F772069643D22666C6F77322220736F757263655265663D22757365727461736B3122207461726765745265663D22656E646576656E7431223E3C2F73657175656E6365466C6F773E0A20203C2F70726F636573733E0A20203C62706D6E64693A42504D4E4469616772616D2069643D2242504D4E4469616772616D5F687150726F63657373223E0A202020203C62706D6E64693A42504D4E506C616E652062706D6E456C656D656E743D22687150726F63657373222069643D2242504D4E506C616E655F687150726F63657373223E0A2020202020203C62706D6E64693A42504D4E53686170652062706D6E456C656D656E743D2273746172746576656E7431222069643D2242504D4E53686170655F73746172746576656E7431223E0A20202020202020203C6F6D6764633A426F756E6473206865696768743D2234312E30222077696474683D2234312E302220783D2233302E302220793D223135302E30223E3C2F6F6D6764633A426F756E64733E0A2020202020203C2F62706D6E64693A42504D4E53686170653E0A2020202020203C62706D6E64693A42504D4E53686170652062706D6E456C656D656E743D22757365727461736B31222069643D2242504D4E53686170655F757365727461736B31223E0A20202020202020203C6F6D6764633A426F756E6473206865696768743D2236312E30222077696474683D223131312E302220783D223235302E302220793D223134302E30223E3C2F6F6D6764633A426F756E64733E0A2020202020203C2F62706D6E64693A42504D4E53686170653E0A2020202020203C62706D6E64693A42504D4E53686170652062706D6E456C656D656E743D22656E646576656E7431222069643D2242504D4E53686170655F656E646576656E7431223E0A20202020202020203C6F6D6764633A426F756E6473206865696768743D2235312E30222077696474683D2235312E302220783D223532302E302220793D223134302E30223E3C2F6F6D6764633A426F756E64733E0A2020202020203C2F62706D6E64693A42504D4E53686170653E0A2020202020203C62706D6E64693A42504D4E456467652062706D6E456C656D656E743D22666C6F7731222069643D2242504D4E456467655F666C6F7731223E0A20202020202020203C6F6D6764693A776179706F696E7420783D2237312E302220793D223137302E30223E3C2F6F6D6764693A776179706F696E743E0A20202020202020203C6F6D6764693A776179706F696E7420783D223235302E302220793D223137302E30223E3C2F6F6D6764693A776179706F696E743E0A2020202020203C2F62706D6E64693A42504D4E456467653E0A2020202020203C62706D6E64693A42504D4E456467652062706D6E456C656D656E743D22666C6F7732222069643D2242504D4E456467655F666C6F7732223E0A20202020202020203C6F6D6764693A776179706F696E7420783D223336312E302220793D223137302E30223E3C2F6F6D6764693A776179706F696E743E0A20202020202020203C6F6D6764693A776179706F696E7420783D223532302E302220793D223136352E30223E3C2F6F6D6764693A776179706F696E743E0A2020202020203C2F62706D6E64693A42504D4E456467653E0A202020203C2F62706D6E64693A42504D4E506C616E653E0A20203C2F62706D6E64693A42504D4E4469616772616D3E0A3C2F646566696E6974696F6E733E, '0'), ('217578', '1', 'hqProcess.png', '217576', 0x89504E470D0A1A0A0000000D4948445200000240000001710802000000143680F40000156849444154789CEDDD6F6C5DE57DC0F1885104EA109ED6AD112F9A4C7B114BDD166BED96BC98663369C49336B0B4AA647B112CA1825BB4604D5AB03681A796D493068BA616A55B492DA65499AAA04805961542BD2D500F4208D0B42E90363484BA24A16649C0244E72F6F89EE4F4D6D7314E9C7BCFFDE57E3E7A145D5FDBF173EE3D3E5F3FF7EFA20C00025A54F60400E06208180021091800210918002109180021091800210918002109180021091800210918002109180021091800210918002109180021091800210918002109180021091800210918002109180021091800210918002109180021091800210918002109180021091800210918002109180021091800210918002109180021091800210918002109180021091800210918002109180021091800210918002109180021091800210918002109180021091800210918002109180021091800210918002109180021091800210918002109180021091800210918002109180021091800210918002109180021091800210918002109180021091800210918002109180021091800210918002109180021091800210918002109180021091800210918002109180021091800210918002109180021091800210918002109180021091800210918002109180021091800210918002109180021091800210918002109180021091800210918002109180021091800210918002109180021091800210918002109180021091800210918002109180021091800210918002109180021091800210918002109180021091800210918002109180021091800210918002109180021091800210918002109180021091800210918002109180021091800210918002109180021091800210918002109180021091800210918002109180021091800210918002109180021091800210918002109180021091800210918002109180021091800210918002109182D6D727272CB962DAB57AFEEEAEA5ABA74E922CE499746BA4C7A7A7A868787272626CABEA28821FD428D8C8C0C56A49DA7EB9CEEEEEEFCCCEDDBB78F8F8F5FAA1F2760B4AEF4BB940ED3A95E9B376F7E72C78ED7F6ED3B393565E4235D1AE932D9BA75EB9A356BD2A5943256F6D545F3DABF7FFFC68D1B53B1E6F9E7514747C7D0D0D09E3D7B16F873058C56949614BDBDBDAB56AD3AF0C6819353278DB9C7A1C38752C6D2C57509FF76E6F2303A3ABA72E5CA852CF4B76CD972D13F5DC06839A95EE90FC087367DF5E4D40963FEE3D1C71E5DB16245FA5BBBEC2B90A690F684D5AB57D73629F5EC9E7BEE4D63F3E6AF3FB9E3A97C3CFAD8E3F99937DD7CF3ACDF924278117310305A4E5A7B55EAF5BE71A1E3C91D4F7476FE61D95720259B9C9C1C1818B8FAEAAB8B02A5D33D3D3D0F6DDA74E08D8327A74ECD3D8E1E3B9EDAB666CDAD6D6D6DD5194B39BCD07B5B058CD6B27DFBF655AB6E2CBD0471C7BA757F73DFFA2F947D35529AD498AEAEAEEAF0A4747D77EFDE0FECD6AC254B6BB2EA102E5DBA746C6C6CFE9311305A48FACB31FD86BC71F0F5A95393C6C58D63C727962FFF9D0B3ACA70D9D8B3674FF5837557AE5CF9E48EA72E225DD5232DDA6EBFFD8EE2FF4CCBB26DDBB6CD733E02460B191E1EEEEDED9D3AF55E316EE8FED379DEDB5CFD5D2D3ED6AFFFFCC0C040D957268D96BA52BD5ADAB061C302D3553DB66E7DA4FA16C5A1A1A1F94C49C068213D3D3D5B1FF9F7A953EFE6E3861B57FD24CB5E3F9DBD3A957DEF44F6E2896CD7B1531B1E79EA5B07DF79F664F6BF93D9B393D9CE77B327DECFFE79E7CBB7F7DD517C638B8FE7778F767474947D65D25069ED55D42B9D48BDB984F5CAC7AEE7772F59F2F3E5DD7C1E9D2860B490F6F6F6BD7BF71407E2F44B722CCB8E9FC9DE3995BD7D327B37CBFEFA6FEF5D74C52FAFBCB1E7E05476E04476E0FD6CFF64F6DAA9EC1BDF79B1B2082B3F1ECD308E1D7F3B1DC2CABE32699CF1F1F1E296C37422C5EC92D72B1F870E1F29EE604BFBD8073E34B15902963F0F6ED6276FA7B5A41BDCB924DADADA0E1F7973EAD4F17CA45F92774F67274E4F7FEAD499E97FBFF9F87F5EFF9BBFF577F7DD7F2ACB8E9ECADE99CADE9ECA26B2EC89E75EAA04ECB8515C74E55E9534CCE4E4647554EA57AFA261E90FCDFCC72D5EBC78EEA76D94BC17A6C90D0C0CA4E9A6AAF7F5F5DD73CFBD69653AE3A903EBD6DD5D7CC1C53D57007295081D2B46FAF0F8A9ECC87BD9C9D367BF606262E29FBEF4952FFCE3970EBC39FD8CDDA933D9C94AD89E79FEC519DFDBE243C05A473A441737EBA563725DEB958FD7F6ED4BE92A1E2732C7DC4ADB0BD39A34052965292DB0E6F310CCB4495F7EF0C1B4316989E6A9945C9C4A848E16633A60A7B343EF663F3D964D65D9C91327DA972D5BB4E897D21F9A9FFA8B35D5DFB86BF70B33BEB7C58780B588B1B1B1E2AEAF4BFBA88DB9C7CEA79F297EEE1C778695B3170E0E0EA674A5205DC486A525DA92254BFBFBFBD3C2B694C913572542FF578CFC26C4B4027BF368F6D6FBD9AEBD3FFCE8473FFA4B575E75CD751F59FD97BF10B0E79EDF3DE37B5B7C08588B285EDEB0ABABAB61F5CAC7DAB5771537249EEF68DFE8BD706262225D222960478F1D5FC8B6DDFFC003E902F5CA6C5C90DA80BD77267B7B727A0576E8FD6CC77363BFBDFC131FF9B55FBFAEED57BEF2F037DECFB26327B2774F4C7FE3CED1E7044CC05ACDE8E86871E3E1AEE777373860A911C50D8969F137EB0C1BBA17EEDFBF3F5567DBB66D9764F3D21A73E5CA950B7F3D635A472542EF14233F0AA786BD3395FDEC645A874D3DF3F2FEE5BFFBC91BFEF84FDE3A91FD74327B6B323B72224B09DBF9EC7333BEB7C58780B5828E8E8EBC1F69D5D1E07A150B95B917618DDB0B53BDD2C571691FC1F2DABE7DA9881AC63C552234518CAE1B3A5FFAFEABBB5E1E1BDD33F6F4EEB1A75F78E59997F67DFBD9EF7DE7E51FFDF7EE57FE67F70F9E7EE107A32FBEF2F2AB3F7EF05F367DFA964F577F6F8B0F01BBEC8D8D8D158F3CACBCD3500901AB5E84CD7A4F5883F6C2898989B45A4A97C825DFC2036F1C4CFFB38775301FE9D7E0D4A99F558F3BEFEC5B340F7FFEA94FCDF8C6161F0276D91B1A1ACA77FEDEDEDE52EA958FFBD6AF2FA6513BC906ED85DDDDDDDBB76FAFD316EE7A7E776A98C774F0812A017BDB58F810B0CB5EF1DCAFCD9BBF5E62C0BEBB776F3E8DB6B6B6DA4936622F1C18184831AFEB46A68B78F5EAD50DD81642133001633E2626268ADB0F0F1D3E5262C0D258B6ECECF39A47464666CCB3EE7B61FE1A240B7CCCE17CC6F2E5CBDD19C6DC2A013B622C7C08D8E56DCB962D653D7ABE76AC5B77773E99DA9790AEFB5E5879F3C04D0DD8C827773CD5D9D959EFCD21B4E9809D3E6C2C7C08D8E521856AD607100C0E0EE6CDB8E79E7B4B0FD8D6AD8FE493A9BD99ADBE7B615A12757474346C3B6FBAF9E6F9BF910C2DA812B043C6C287805D065E79E5953C0CD75E7BEDD6AD5BAB3FD5D777F6C14D17F772139776EC7CFA997C32B52F2B55DFBDB0BFBFBF91AF3EF2E8638F777777D7758B084DC0048CC2E4E4E415575C91B7E1431FFAD0C73FFEF16235960EA4F9F9F578DB940B1DAFEDDB974F66E9D2A53336A1BE7B61FA798D7C02C1D163C7DBDADA3C1C91F3A904EC2D63E143C02E0FC5B3AC72D75C73CD6DB7DD960EA1C553981BFF021CB38E628633E65FC7BD706C6CACBDBDBDC1DBF9E95B6E99CFDBA0D19A2A01FBA9B1F021604D2BADA24666333C3C3C58E3FAEBAFAF0ED895575EF9E10F7F382D03AEBAEAAAFC9CB29EC23C6314A19DB1B175DC0B376CD8D0DFDFDFE0ED7C68D3A6599FEF46EB38DFFDD2D9D9808D1B0B1F0276D12E2830493AA075CDA67887C919D2F9B37E7DFA7F6AFFF3E215DF933FA8486BAF871F7EF8631FFB587EE67CDE2AA401A38415585F5F5FE3EF00F458C41637C7FDD2D9D980FDC458F8B88C03D6548149D2CF9D753E0B7FF9A1E2C95EEDEDED9FF9CC67D2BFC5CD57C5B398D311B5F47A1D78E3603E99B40E9BB10975DC0BBBBBBB1BF3EE67D5232D78972C9979471FAD638EFBA5B3E60BD8F9E6537B7E13CEBCACABB87502536FAFBFFE7A5A81A50375DAE4818181D4B3E2536963F34BA3314F829A7BECAABC99519256873336A18E7B61FA61A5BC027FBA4AEAB75134BFF3DD2F9D550276FAF49B4D32F2C9CC3AA5EAF99FEF9CD2277FBECB5F6002D9B66D5BBA7C6A2F8AC173CF03BB6FFDFAD203961642F9646A1F645EC780A5E3485AFA357E6B17559E3D3EEBAE0FA74F1F6C86513D9319B3CA3FACFD82E6997C3E99F3FD9609CC6560E3C68DF9B5B966CDADA507AC785395BEBEBE19F3AC63C0DADBDB4BB90370D1E57BEB3CF371DD75D71507D39E8A74F41C1B1BCBCEAEC0DE287DD44E63D689E567567FAA49E69FCFA4ECEB993A2ADE4BA5ADADADF480757676E693497FEBCC98671DF7C274D468FC1D80EE036B7173DC2F9D9D0DD88112C7B955E0819A75E1CF3F35E3EB8B7F9B6A08D865AFB809B7DCC7711C3A7CA4F835A9BE972E57C7BDB061AF82583D763EFDCC8A152BEAB75134B939EE97CE9A20601791BA593F2C7D08D865AFBFBF3FDFEBD6ADBBBBC480A588E4D3482BA2DA49D6712F1C1C1C6CFC0B413EFAD8E3AB56ADAADF46D1FCCE77BF747636603F6EF271AE5517F6A9C64FB2E1572C0D35323292EF6F4B962C2D316037DD7C733E8DA1A1A1DA49D6712F4CDBDFD9D9D9E0ADBDFDF63BBEFCE083F5DB2842AB1CFD5F2F71CCF6A08719B725CEF595E54E7EC686947D65525F9393936D6D6DF98E77FF030F9452AFE275E893FC6EEC19EAB817A6ED5FBC787183DF0C2DFDB1E0C14B9CCF7403CEEC6F8631CF9934CF846B2756F69549DD6DD8B0218F473A9237E03D1D6BC7F2E5CBF3099CEFFD8AEBBB17A69FDAC8B7A376071873ABF4E047A58FDA69CC714EED89661802D60AD222A4BDBDBDAC7BC28AE5D7D5575F3D3E3E3EEB0CEBBB176EDBB6EDA69B6F6ED806AF5D7B575AEAD6758B08AD191A30D7ED87E7AF5A33CC5CC05A503A861715492B84861DCC0F1D3EB264C9D2FC47F7F7F79F6F7A75DF0B1BF67A1C07DE389836D87BA930874A067ED89CA398DBDC779235C9260858EB289EB1BE78F1E2C6BC38FDD163C78BE77EA51F5AFBE8F942DDF7C2D1D1D1152B5634609BD3522F2D39EBBD39845639FAEF33163E04AC75ECDFBFBF7834473A9837E0CEB0B56BEF2AFE5C4B4BC039E6D688BDB0A7A7A7DE6FEB991679CB972F6FC0B6105A2560AF190B1F02D6524646468A375EF9F42DB7D4B561C50B4725838383734FAC117B615A00A6BAD46FED79E8F091FCFF6FC0B6109A80091817A77875C4A4B3B3B34E0F2FAF5E7BA595CF07CEAA417BE1D8D8585A7BD6639BD3DF02AB56AD7A72C7538DD91042AB04EC5563E143C05A505F5F5F519765CB2EF14BDDA63A14F77B2DAABC73CA1C777D151AB7176EDFBE3D95E6D2362CD56BCD9A5B1FDAB4A9615B4168E917E3CC99578C850F016B4D4343434563DADADA2ED5139CB76E7D2415B17AED359F7A658D0C58567944666AECA5BA2D31B5301551BD98BF4AC07E602C7C0858CB4A87F1E2FEB04595179A7A6801AF79FBE48EA756AC5851FD20DB0FBCDFAB5AA3F7C23D7BF62C5FBE7CE12F6F9C3F6AC32D875C904AC0C68C850F016B65E9303EE3ED46D3D138656CFE6F0079F4D8F1CD9BBF5EBCCE61B1A49BFB3187B54AD80BD3DA30ADC3D2D42FEE26D47419AD5973AB476D70119A3060DFFEF6C38383777EED6B5FCC3F4CA7D3C84FA733D3E9F405A54F52C098617272726868A878787D212DA7EE7FE081B4B4A87DFA6F3A62A7F3BFFCE08333BA95EBEFEF9FE7CD86D54ADB0B5369972D6B4F299AFFD39C53F0D6ADBB3B5FB196356D42AB04ECFB4D3552A2164DBF55C4EFE71FE6BFCCF9E97466E516953B4B9F64ED1030B2CA6A646060A0FA16C55A336E21ACD5D3D373D12F605BF25E383C3C9CD6528B172FBEFDF63B1E7DECF1DA972A49794BD15EBBF6AE54BB34EE5BBFDE6B6D70D12A6DF85E538DC1C1CF5502F67BF987E702367D3A9D5909D8E74A9F64ED10300AE3E3E31B376EECEEEE9E3B54337474740C0E0ECEFA1AF3F3D7147B61BEFDAB56ADAA6D75CA5B6767675A932E703B21497F2ABEF7DEEE3367F636CFA80AD8F487E702367DBA2A60E5CF73C610306AA5D5C5962D5B7A7B7BBBBABA529F661CCC972E5D9ACE4FEBAD74B43FDF8BF35E287B212D24FD0AFD68FFB7CE64DF6D9E3138F8D9B301AB7C78366095D3E702F6D9D227593B048C66602FA485747777FFC7F68DA51FFDA307ECFB63DF6C6F6F2FFBCA0401A3950C0D0D0D0CDC76267BB9794655C0A63F3C17B0E9D355012B7F9ED5E36BC35FE8EDED2DFBCA0401A395ECDFBFBFBDFD37DE9B7CEE4CF652938CC1C1BE4AC03E997F782E60D3A7D3999580F5953EC919A3A7E78F2EF4F93A500F02466B199CD697652F36C92802967F98072C3F5D04ACF449568F2D5BFE61F5EAEEB2AF46982660B496C9C9C91486D1D17F2BBD04F918197928256A78F8F345CF8A62A533D3E9F405A54FB218E3E33BD21276626267D957234C13305ACED8D85847C7B2B1B16D59B6C798FF48F54AED1F19F96AD957209C2560B4A2D1D1D1D4B0A1A1BFCAB2178CF98C6DDB1E686F5F3A32F2AF655F75F07302468B9A9C9C1C18E8EDEAFAC4F0F0DF8F8F3F9165BB8DDA3131F15F5BB67C71F5EA553D3D5DE974D9571AFC0201A3A58D8C8CF4F6FED9E2C5BF7A41AF82D33ADADAAE5DBDFAC6D4B0B2AF2898858001109280011092800110928001109280011092800110928001109280011092800110928001109280011092800110928001109280011092800110928001109280011092800110928001109280011092800110928001109280011092800110928001109280011092800110928001109280011092800110928001109280011092800110928001109280011092800110928001109280011092800110928001109280011092800110928001109280011092800110928001109280011092800110928001109280011092800110928001109280011092800110928001109280011092800110928001109280011092800110928001109280011092800110928001109280011092800110928001109280011092800110928001109280011092800110928001109280011092800110928001109280011092800110928001109280011092800110928001109280011092800110928001109280011092800110928001109280011092800110928001109280011092800110928001109280011092800110928001109280011092800110928001109280011092800110928001109280011092800110928001109280011092800110928001109280011092800110928001109280011092800110928001109280011092800110928001109280011092800110928001109280011092800110928001109280011092800110928001109280011092800110928001109280011092800110928001109280011092800110928001109280011092800110928001109280011092800110928001109280011092800110928001109280011092800110928001109280011092800110928001109280011092800110928001109280011092800110928001109280011092800110928001109280011092800110928001109280011092800110928001109280011092800110D2FF0382A8B63E26F828850000000049454E44AE426082, '0'), ('217582', '1', 'var-assigneeList', null, 0xACED0005737200136A6176612E7574696C2E41727261794C6973747881D21D99C7619D03000149000473697A65787000000003770400000003740007E7BB84E995BF31740007E7BB84E995BF32740007E680BBE79B913178, null), ('217584', '1', 'hist.var-assigneeList', null, 0xACED0005737200136A6176612E7574696C2E41727261794C6973747881D21D99C7619D03000149000473697A65787000000003770400000003740007E7BB84E995BF31740007E7BB84E995BF32740007E680BBE79B913178, null), ('222511', '1', 'importProcess.png', '222510', 0x89504E470D0A1A0A0000000D494844520000036600000182080200000004FD4714000021A049444154789CEDDD6F6C5BE77D2F70A1FFA60CEBE261E9E26D2FA2AE2F4C606BADAD01AC57B3526091066CAB8015B1B6178E80A28E8A62BBC670AFA36D4833ACF1748B3533863670B7C61336B8571785336373326D8933AD73522D711CE78F1B35891BA5B653358E5365B663C696AC738FC9969721253E94CDA37374F8F9E00783A60E1FF2F03CE779BE3C240F3B22000068A823ED07000040D6898C000004888C000004888C000004888C000004888C000004888C000004888C000004888C000004888C000004888C000004888C000004888C000004888C000004888C000004888C000004888C000004888C000004888C000004888C000004888C000004888C000004888C000004888C000004888C000004888C000004888C000004888C000004888C000004888C000004888C000004888C000004888C000004888C000004888C000004888C000004888C000004888C000004888C000004888C000004888C000004888C000004888C000004888C000004888C000004888C000004888C000004888C000004888C000004888C000004888C000004888C000004888C000004888C000004888C000004888C000004888C000004888C000004888C000004888C000004888C000004888C000004888C000004888C000004888C000004888C000004888C000004888C000004888C000004888C000004888C000004888C000004888C000004888C000004888C000004888C000004888C000004888C000004888C000004888C000004888C000004888C000004888C000004888C000004888C000004888C000004888C000004888C000004888C000004888C000004888C000004888C000004888C000004888C000004888C000004888C000004888C000004888C000004888C000004888C000004888C000004888C000004888C000004888C000004888C000004888C000004888C000004888C000004888C000004888C000004888C000004888C000004888C000004888C000004888C000004888C000004888C000004888C000004888C000004888C000004888C000004888C000004888C000004888C000004888C000004888C000004888C000004888C000004888C000004888C000004888C000004888C000004888C000004888C000004888C000004888C000004888C000004888C000004888C000004888C000004888C000004888C000004888C000004888C000004888C000004888C000004888C000004888C000004888C000004888C000004888C000004888C000004888C000004888C000004888C000004888C000004888C000004888C000004888C0000046431321E3D7A74D7AE5D77DF7DF7F6EDDB7BDF6D686828BE7E7474746A6A2AED87D98E8AC5E2F8F8F8E0E060BC2DBABABA3ADA49BCBEF15A0F0C0C8C8D8DCDCDCDA5BD29DA885EA7D701599095C83833331307C1FEFEFE75EBD6757777C761F1AEBB3EFFA57BEF7DE4E0A3D575FF9E3DF1F53B76DCD9D3D3138FA7F1601A27C83862A6FDF0DBC2C4C4443C81C533F7DEBD7B1F3978F0E5E3C72FCDCFB74FC5EB1BAFF5BE7DFBB66EDD1A3F0FF1149EF606690B7A9D5E076444FA91319E12E2D7D0F16838323272E0C1874EBF71E6D2FC42931587C83841C611334E90E3E3E369AF4A6ECDCDCD0D0D0DF5F5F59D3879E2D2FC2575FA8DD3F1141E3F21B3B3B3696F9CDCD2EBF43A2053D28C8C71C82B140AFDFDFDFBF63DD07C4C5CB20E3DF6F86D5BB6AC5FBF7ED7AE5D29AE512EC533771CCAEFDFF3B54BF31755751D78F0C0A64D9B666666D2DE4439A4D7E97540D6A41319E357C971521C1C1C7CFED8B16B0C8BD575E2E4A93FFCC3FFD1D3D3333D3D9DCA7AE5D2D0D05069E67E47D5D723071FDEBCF9D7D3DE4439A4D7E97540D6A41019C7C6C60A85C2C4C4440BC362CD11C7EEEEEED1D1D1D55FB5FC8937535FDFADF30B45B55CEDB8F37FEEDCF985B43754AEE8757A5D3BF0454FD69CD58E8C43252BFAC0E255D4D973E777ECB8B3BFBFBF582CAEF20AE649FCEC7575759D3C3533BF70412D57E7CEFF70E3C68F39B0DD2A7A9D5E9763333333714C1C181858B76E5D93DF9AEFECEC8CE7B2383EFAA227A95BD5C81887C5B1B1B144C362751D78F0A1784F73668AAB166FAC7893CD2FBC5DA95BFA7FABC961AEFA56B9AF9D3BFF7C646424EDCD95137A9D5E974B131313F17CD4644F5E4E777777BC833814425A562F32AE725E2CD723071FEDEDED951AAF4EFC5278DF03E3F30BE7CB75CBAD7DDF8FA2572F472FCD47DFBE183D73313A7C6E61D7038FFEDBA9B79EB814FD57317AA2181D7A3B7AF89DE8AF0F3DB76DF88ECA0D735F4F1DF9563C94A7BDB97242AFD3EB7266D7AE5D4B9E4F74FDFAF583838377DDF5F9FBF7ECA9399DDCBE7D0FC4D76FDB7647A150A8BFE1BA75EBE2570BE63556DF2A45C678C7D8BD7BF72AE7C5721D7EEA484F4F8F976557211EAD8E1D3B32BF70AE5CF150752E8ACE2F466F2D446F5E8ADE8EA23FFA93CF77BCE7A77A6E1D38351F9DB8189D78279A29462F2F44DFF8D633A5433EE7DAA4CE9D7FA3B3B333EDCD95137A9D5E971BD3D3D3E5530857EBEFEFFFCA7DF735FFD5CF13274FEDDDFBF5AD5B6F8F37774DE29C9898487B15692FAB1119CBBFDC904A5E2CD73D3B777A07E72AC4AF65DF3873727EE16CB9E241EAEDCBD1C5CB57FEB4B078E5DF7F7EE85F7FE123BFF2A7F77C69218ACE2E446FCD476FCE47F12BDF879F7CB634799F6D9F8AD737DD8D951B7A9D5E970FA3A3A3D5212FEED8C3C3C3A573D15FE5441667C7782E8B936275701C1A1A72B8915593F888333B3BDBDDDD1DF7F51423635C9B366DF2D5B3952A4DC0FF5DA9F8BFE717A23317A24B977FB4403C54FDD597BFFA85BFFCF289D7AE9C5B787E31BA549AD41F7FEA999ADBE6BE4CDEADA2D7E9756B5DB158ACFED8621C1CE3F8D8C22F7D7EE5BEFBAABF3DD3D5D5E53C9DAC8EC4479C2B9F4CBAE633755F7B3D7FECD8C68D1BBD3DBD22A509F8AD4A5D99BC2F47A7DF8E7E702E9A8FA24B172F16366CE8E8786F3C247EEAF7B656DFF0F091A76B6E9BFB3279B78A5EA7D7AD69F14B9ADEDEDE4A9EEBE9E969EDE987CB75E2E4A9BEBE3EA9915596EC8873F4E8D1EEEEEED4F362B9B66EBDDD2FB4AE4869029EAB54F92DC23317A2D7CE46AFBF131D3EF6DD1B6FBCF1BDEFFBC075D7DF30F8FBEF9ABC9F7CEA48CD6D735F26EF56D1EBF4BAB5ABFCAB45952437323292E8A476FF9E3D95F7BED7AD5BE72C3C242DD91167787838AD6FBDD457F9DBD389AE6FCEC4C3D0C2C20F2B15FFF7C262F466F1CAF19ED3EF44079F9CFEE8C68FDFF0A19FBB7EDDCF7CF5EFBFF14E149DBB18BD7DF1CA0D0F4D3D5973DBDC97C9BB55F43ABD6EEDAA3EBE383A3ABA0AF3DA81071FAABC49BD7EFD7ABF3F4EA2121C718AC562DC95CF9E3B9F7A58ACD44D37397ABF02A509F8CD4A95E7A778FE7E6B3EFAE1A5E8B5B3F38F3F37B3F1D76EBEE5377EF3F58BD10F8AD1EBC5E8CCC5289EBE0F3DF164CD6D735F26EF56D1EBF4BA356AD7AE5D95BCB89A67943BFCD4914A6A1C1C1C4CFB6920CF121C7176EFDE3D3C3C9C7A4CACAEBBEEFAFCDD77DF9DDC2AE74C69023E53A9DE5B363FFBC24B879F9B9E3A3AFDD891E9C79E7EF1F1678FFFFB13DFFED673AF7CF3C88BFF79E43B8F3DFD9DA9675E7CEEA5EFDDF7377B6EDB725BF56D735F26EF56D1EBF4BAB5687A7ABAF21E713CCBACF2D4F6C8C1472B69757C7C3CED2783DC4A70C4D9BE7DFB97EEBD37F598585D7BF77EFDB62D5B925BE59CA999BCE3FADCE7EEE868C2EF7EEA53A9CFA626EF354AAFD3EBD6A2CA47187B7A7A52796F6DDBB63B2A6F4F3BED0E094970C4C9C877A5ABEBD0638F6FDAB429B955CE992B93F7E537543365F26E15BD4EAF5B73A6A6A6CA71ADB3B33389EF473753714EBDE9A6AEF2C3D8BD7B77DA4F09F994E08813BFEA3AFCD491D46362759D38792A7E0596DC2AE74C69F23EAD9A299377ABE8757ADD9A33343454CE6AE97E16EB4BF7DE5B7E187E4992842438E2C4E12CF53378D79741B679A5C9FB75D54CE957ADA2D7E9756B4BB158AC7C8AF1D0638FA738BB9D7EE34CE59138E10E494870C429140A691DA25FAECE9E3BEF57596B8C8F8F2FF72DF2D2E4FD03D54C99BC5744AFD3EBD696063D36FE5339A5C5535EEA73DC6D5BB6941F8CDFC82509098E38FDFDFD071E7C28F55DA8BAE208BB614321B9555E735E7CF1C5F2F8F2C10F7E70DFBE7D357F2D4DDEB3AA993279374FAFD3EBD696C63D360E67E5BFEED87167EA73DCBE7D0F941FCCC0C0402ACF15F996E088333C3CFC95FBEE4B7D17AAAE38C2F6F5F525B7CA6B4EB1587CCF7BDE531E62DEFFFEF7FFF22FFF72F52BE9D2E4FDFDD656A5CD9AAFBB3658B2C9061B5F99C4BAD4B49FDE665C635ADEEB1ADF64B92E57D3F19ABFDFC6ED041BAC7E3CD7D839F5BAD5D1B8C70E0E0E96FF74FF9E3DA9CF71874BBF81543EE499DE13466E2538E28C8E8E66E1555775C51176DBB63B925BE5B568FDFAF5D533DF75D75DF7E94F7FBAFC63DCF17F2F5F7EADB55569B3BAF1E5EEA89907D0F8B64BCEEE09AD57DA5B722D6955AFABDFAC4B6EE5663A5875CFAC6FA4E62E96ECCCCB75B6FAA61AEC0B7A5D3635E8B13D3D3DE52B1F39F868EA73DCE937CE941F8C8F60918404479CF87558575757EABB50756DDEBC797272B2FA379D68ECF2E553ADAD4A9B4BDE51938FE72A1E7012EB52D3BE7ED52AADEA60D7B870CD95F50BD75C687C8FC19B5F452FEDD0EB32A092265F3E7E3CF5392EAECA2FC12437B9D3B692ED5599FA3863BC3FDF745357A2EBBB165D7FFDF595B16FA0249E84A6A7A7A31F1DEF39D9AAAA1F6AABFFB4D2A682979BB9DFD6AE5DDA5B722D6955AFABDFFA956BEA2F2C77F32597ACBF55F562CD74AAC6BD71A50F754DF4BAAC3D9E166AD0632B27F1CEC249E5CE9E3B5F799C693F67E450B2BD6AFFFEFDBFF3C94FA6BE17956BC78E3BEFD9B933D1F55D73E6E6E6CA834BA150F8CC673E13FF5BFD6353A509EC446BABD266DD8CBBF46235971BFFB5A6F1E56E924419A09BD7DA5E575EBE7AD307FB4FFD6D6B3A4C7D23F577B1DC85E534DE05AEAE8B26DDEB1AAC4EE5AE830BE440E31E1BC7C7F25FF7EEFD7AEAD3DCF3C78E951F4C5797E323B45EB27B75B1588C5F8165E1543BE533E3CFCECE26BABE6BCEABAFBEDAD9D9D9DFDF1F8F2F232323353F33559AC3BED7DA6AA6CDFA656AAE693831BFEB26C1C55AB85E696DC435A755BDAEC1C6ADEF09C19E56B9BCDC95F58D37B8D0CCE59AC633D8EB1AB45FF3A7EAFFE66F5F68DC63B76FDF5EDE82F7ECDC99FA4C77E0C187CA0FA6B7B737ADA78B1C4B7CDF9E9A9ADAB46953EA3BD2D6ADB7DFBF674FD22BBB16EDDFBF7F6C6C6CC9538E95A6B1575B5B3F9E1D5F5D6AA6FFD102957F1B5FD3E4E59AB54862A5CACDAEFAA65BC392EB75F5DBBD4183CD2CBCE4320D7AEF7296DC05AEB14F26DDEBCAEDD7AF4B833FD52F990F0D7AECEEDDBBCB2BDBD7D797FA4CB763C79DE507333C3CBCEA4F12F9B71ABB74F91DE1745F789577E65558D93CB932932DCEB4AAFEFFDCF9EE2B1B2CBFDC02D557062F2F3179B76EA5AAEF2EEDCD95132BDA40F55BB67ABB37DFC76A5A58B2B7D4B7D3F89A06BDB1F947986EAF6BD07E47C3C38A6DB53BC439B2D25B52FFC1B3CA7771E28C9BF613430EADC68E5D2C167B7A7AD2FA25A5D36F9CD9B0A1E02DE9AB509AC95E696D55DA2C5FA89A981B2D5C7FFD7296BBA3609BD7BE5E696FAE9C58D106AADFE2F5DBBD41832BFA537583CB75BCABEB9957DD27572732D6AF4B541719975CA67DF4F7F797D7FAAEBB3E9F625EAC9CC73B0E8E693F25E4D32AEDD87162DBBC79F3EA7FA12C7ECD57BEDFD559CD9C29CD64DF6D6D55DA2C5F6870170D16A8BE327879A9C9BBC52B55BE97B437574EAC6803D56FF1FAAD1CEC63D5FDA4C1ADEA3BCF92CBACA867D634BBD2CEB96A91B1F195F50FA3DD7687CA6F06C659EDECB9F36945C6BEBEBEF2C3F06B812464F576ECB9B9B9554E8D2F1F3FBE69D32679F1AA9526B0E3ADAD4A9BE50B4BDEC58F27D1A5FFBB5C83CB3552B340122B556E36EDCD95132BDA40752F0696D8BEC1CEB36407ABEF362B6AB971CF5CAE8BAEB473662732D64BF481654DB158ACBC23BC6DDB1DA9E4C5FBF7ECA93CF9E5B3FF40CBADEA8E5D4E8DF7AFCAAF2A1D78F0A1382FC6A971355730675A9EAE6AE6C825E7FB6004BC8A8939D8484B562DEDCD95132B8D8C35979B0C76D5BD6EC9EB6B7A66E3059AEF99D50BD7F7CC9576CEA47B5D47736F4CD72CDF9EC6C6C62ACFCFEA9F8DF8C4C9539533783BC44872567B0F8F53E3D6ADB7F7F5F525F731E1D36F9CA9DCC52AAF5DCE9426B0975533D5CE93656BE975D9E9750DDAAFFCA92641D65F681F951F9B8ED3DB6ABE9F164F791B376E2CDF75A15028FF8C2124219DBD7A626262C386C257EEBBAFE53BCFBE7D0FC42DDFEF7C3AAD509ABC5F52CD541B4E9009D1EBB2D3EBAE223236B832F7E6E6E62A6F4FAF5A6AACCE8BB1A9A9A9B49F06F22CB55D3ADEBBB66DBB23DEC1EED9B9F3DA8F389E3D773E0EA07158FC9D4F7ED2C1C5568907A0C5C5175533D56EB36372F4BAECF4BAE5DE7D5EF2EDE926DFBCCEB7A3478F56DE208E2F247D9E909ABC38363696F61340CEA5BC4BCFCECEEED871E74D37756DDD7AFB81071FBA8AEF9AC5FB64DC421C3DE300FAFCB163E9AE4ECE9426EFEFA866AA0D67C784E8757ADD9A569D1A63F1F494D077A8EFDFB3A7FA8EE445564126469C62B11877F7BEBEBECECECE4D9B36C5FB581C1F1F39F868FC12AAFE68627C7D5CF7ECDC59593EBE5CF30B4EB44469F29E56CD94C9BB55F43ABD6EADAB498D1B36145A7BB8F1C4C95395F3E9C4E279D089BB591D991B71A6A6A6464747E3FD61F3E6CDD57B5D65DFD85C12C7CA8989099FF34D54FC6C5FB8707471F105152C9377ABE8757A5D0E4C4F4FF7F4F4544F5EB76DD9F2C8C147AF312C3E7FECD8B66D77C4FB48A5D942A1E0F38BAC1A230ECBEAEAEA7AE595871717BFAD8265F26E15BD4EAFCB8DD1D1D1EA78573EE2F895FBEE5BE9C7F7CF9E3BBF77EFD7AB8F2C968D8C8C386EC26A32E2B0ACFEFEFE7FF997AF2E2E1E538DEB85170EC4AFF5D3DE5C39A1D7E97579323D3DDDDBDBDB5127CE8EDBB6DD1107C1E78F1D5B3226BE7CFCF881071FDAB1E3CE4D9B36D5DFDCC145522132B2ACF825F2C8C8A717A3E755E3FABBB17B868686D2DE5C39A1D7E975F91307C77863D51C715CF26357F51FC7AA31303030313191F60AD1A644469635333353287CF842F1F062F49C6A5003039FF0F1F356D1EBF4BABC9A9B9BDBBD7BF792071D837A7A7AEEBEFBEE78EF487B25686B22238DDC7DC5F062F4AC5AAEFECFF8170707FBD3DE50B9A2D7E975B937393919F7F2DE92253362777777FCA79191115FF4243B44461A8987AADEDE9BA7A6FE218A9E51F5353B7BB050F8F0DCDCA1B43754AEE8757A1D9041222301D3D3D3DDDD1BA6A7F747D151555DF1CC1D279BC9C9AFA5BD897248AFD3EB80AC1119099B9A9A8AE7EFD1D13F88A2A755B9F6EFBFB750E89A9CFCDBB4374E6EE9757A1D902922234D29168B232343BDBD1F1F1BFBB3D9D987A3E8487BD6DCDC7F8C8FFFC5E060DFC0406F7C39EDCD92737A9D5E076487C8C80A4C4E4E0E0DFDF6FAF53F7B15DFF8CB8775EB3E3838786B3C7FA7BD29DA885EA7D70159203202ED68A5DF42751244A0CD898C401B999B9BBBFDF6DB0707074747475774C30EBFCE07B4378320D02E76EFDEDDD9D979DD75D77DE8431F5AE9AFED251419255160AD305A01F9373D3DFD4BBFF44BE58F066EDEBCF9861B6E58E9AFAE053F71D8CC62C1655ABCDA00AD63840272EE9FFEE99FAA63D9CD37DFFC918F7C64A58DD4E7B925135E83D857F3A7EAFF0A8B40F619A7809CFBE99FFEE9EAC878DD75D77DF18B5F5C69232B8A8C4B1E3E5CEE4F0E34026B82E109C8B9818181F5EBD77FF4A31FFDC0073E1067B25FFCC55F9C9A9A5A69230D8E1136737D143AAC282C0219679002F26F6666666C6CECE77FFEE73BAE9CE670DDDCDCDC4A5BA8097CD5070EEB176B7094B1BA05C7178135C42005B48B5FFDD55F8DF3E2D585B38EAA2FAFD4FFB766B1E0958E32026B8E410A680BBB77EF1E1E1E1E1F1F1F1919B98A9B37488AF5979B898C8E32026B8B410AC8BFD9D9D942A17015EF4757D4A4BAE53EDAD8E41BD3CBB5039059462B20FF868686C6C6C6AEA585167EFD65B90396E2239065462820E72627277B7B7BAFB191E42263832B01B2C3F004E459B158ECEEEE9E9E9EBEC676AE253236F9BDE906CD02A4CEF004E4D9AE5DBBB66FDF7EEDED0873409B330802B9552C16BBBABA666767AFBD2991116873064120B7464747AFEE943AF54446A0CD1904817C9A999929140AC562B125AD898C409B330802F9343030B07FFFFE56B52632026DCE2008E4501C16E3C8D8C2064546A0CD190481BC69D5B75EC6C7C7E3A4D8D9D9D9DDDD1D5F58BF7E7DFCEF4FFEE44F5EFB297B00D61C9111C89BEDDBB7EFDAB5EBDADBF9C77FFCC7FA9FFEBBE5965B5AF87E37C05A213202B972F4E8D19E9E9E967CEB256EE4277EE227AAF3E2C73EF6B1F5EBD75FCB6F5503AC512223902B715E9C9A9A6A556B7FFCC77FFCBEF7BDAF12193FFBD9CFB6EAAC3D006B8BC808E4C7EEDDBB8787875BDBE68D37DE58CE8B5BB66CE9EAEA6AD5597B00D6169111C889D9D9D942A1D0F2778DBFF9CD6FBEFFFDEF8F23637F7FBF4F31026D4B640472626868686C6C2C89963FF1894F942363128D03AC0922239007939393BDBDBD09353E3B3B1B4746E7D601DA99C808E4C1C8C848A291CEA9BC813667100432AD582C8E8F8F0F0E0EF6F6F6767575D59F28B14DC4EB1E3F03030303636363CEF203AC3E9111C8AE898989382AC57971EFDEBD8F1C3CF8F2F1E397E6E7DBB3E2758F9F817DFBF66DDDBA357E4E12FAD426C0724446208BE6E6E6868686FAFAFA4E9C3C7169FE92AAAED36F9C8E8363FCE45CFB8F2202344964043227CE8BDDDDDDF7EFF9DAA5F98B6AB93AF0E0814D9B36CDCCCCA4BDB980B62032029933343454CA8BEFA8C6F5C8C187376FFEF5B43717D0164446205B262626FAFA6E4D3D8DAD95DAB1E37FDDB3F30B696F3420FF444620438AC5625757D7C953AFCE2F14553375EEFCDCC68D1F73CE48206922239021636363434343F30B172A754BFF6F35791A9AEA5BB555EDDCF9E7232323696F3A20E744462043060606F63DF07FE717DE2ED72DB7F67D3F8A5EBD1CBD341F7DFB62F4CCC5E8F0B9855D0F3CFA6FA7DE7AE252F45FC5E8896274E8EDE8E177A2BF3EF4DCB6E13B2A376CAB7AEAC854777777DA9B0EC8399111C89042A170ECD8D14A18EAE8E8381745E717A3B716A2372F456F47D11FFDC9E73BDEF3533DB70E9C9A8F4E5C8C4EBC13CD14A39717A26F7CEB99D281C6F403DCEAD7B9F36F767676A6BDE9809C1319810C59B76EDD1B675E9B5F385FAE3805BE7D39BA78F9CA9F1616AFFCFBCF0FFDEB2F7CE457FEF49E2F2D44D1D985E8ADF9E8CDF9682E8A1E7EF2D952643CDF9ED5E1F70C81841965800C29C5BE73958AFF7B7E213A7321BA74F9470BCCCDCDFDD597BFFA85BFFCF289D7AE9CC57A7E31BA548A928F3FF54CCD6DDBAA44462069461920434AB1EF6CA5AE44C6CBD1E9B7A31F9C8BE6A3E8D2C58B850D1B3A3ADEDBD1D1F9A9DFDB5A7DC3C3479EAEB96D5B95C80824CD2803644829F6FD77A5CA6F4C9FB910BD76367AFD9DE8F0B1EFDE78E38DEF7DDF07AEBBFE86C1DF7F57647CF2A92335B76DAB121981A41965800CA98F8C1716A3378B578E329E7E273AF8E4F447377EFC860FFDDCF5EB7EE6AB7FFF8D77A2E8DCC5E8ED8B576E7868EA4991112039461920434AB1EFAD4A9593509C1ADF9A8F7E78297AEDECFCE3CFCD6CFCB59B6FF98DDF7CFD62F48362F47A313A73318A43E3A1279EACB96D5B95C80824CD2803644829F6CD55AAF796CDCFBEF0D2E1E7A6A78E4E3F7664FAB1A75F7CFCD9E3FFFEC4B7BFF5DC2BDF3CF2E27F1EF9CE634F7F67EA99179F7BE97BF7FDCD9EDBB6DC567DDBB62A9111489A5106C89038FA2C2CFCB0BA3EF7B9E1667EFAE5773FF5A99A1BB655898C40D28C3240869422E39B6AA52532024933CA001922328A8C40361965800C2945C6336AA52532024933CA00197225325E7E43ADB444462069461920434A91F1B45A69898C40D28C324086888C2223904D461920434A91F175B5D2121981A41965800C2945C61FA89596C80824CD280364482932CEAA9596C80824CD2803644829327E5FADB4444620694619204344469111C826A30C902171F4B97CF935B5D2121981A41965800C2945C6536AA52532024933CA0019528A8C27D54A4B64049266940132A414194F2451D52D37732FC165965CA0FECAE4D6A8E65ED2DE7440CE1965800C59B5C858D1E09AABCB94E5EB3B962132026B945106C89052A8FA5ECBABBAD9E52ED75CB3E423592E083678D809AD51FDBDA4BDE9809C33CA0019520A58AFB6BCCACD561AAFCA794B2F59BD4CF592D53759EE72F5954B3692D00AA6BDE9809C33CA00197225572DCEB4B67E14D77E7CA1FA2E6AFE5BBEA6F26FF5354D5E5EAEC1A44B64049266940132A414B05E6979959BAD69BCFABFB58703ABFEDA60B19A9BD4DC57E3C55ABE82696F3A20E78C324086AC5A646C101F6BAE59EE56C1CBC1BB10198135C42803644829577DB7E5556EB6F26FE55EEA2F2C79939A2B9BBCBCD421C6D6AF5AE5BED2DE7440CE1965800C29E5AAE32DAF72B3D58DFF38C3BD6B81FA65EADB59FE1DE7464D2DD95A6B5730ED4D07E49C5106C89052AE7AB9E5556EB6F26FF5BDD4FC69C9EB6BAE6CF2F252B1B2F5AB56B9AFB4371D907346192043128D8CF557D6C4BB601C0CB659DD5483B82932026B8E5106C89052AE7AA9E55569F6DDC7FC9658A0E6F272D72C7765CD7D555F99D0AA55DA4F7BD3013967940132248E3E8B8B2FAA9596C80824CD2803644829327E47ADB444462069461920434A91715AADB4444620694619204344469111C826A30C9021A5C8F8825A69898C40D28C3240869422E3B7D54A4B64049266940132A4B3B3F3C285238B8BC7D48A4A64049266940132A4ABABEB95997F5B8C9E572B2A9111489A5106C890FEFEFE7F99D89D7A025B5BF5C2F43F170A85B4371D907322239021A3A3A323239F5E8C9E53CDD7DF8D7D61686828ED4D07E49CC80864C8CCCC4CA1F0E10BC52717A36755933530F089FDFBF7A7BDE9809C1319816CB9FB8AE1287A463553E3E3FF7B70B03FED8D06E49FC808644BB158ECEDBD796AEA1F524F63D9AFD9D98385C287E7E60EA5BDD180FC131981CC999E9EEEEEDE303DBD3F8A8EAAE52ACE8B71B69E9CFC5ADA9B0B680B22239045535353716A1C1DFD83287A5AD5D7FEFDF7160A5D93937F9BF68602DA85C8086454B1581C1919EAEDFDF8D8D89FCDCE3E1C4547D4DCDC7F8C8FFFC5E060DFC0406F7C39ED4D04B4119111C8B4C9C9C9A1A1DF5EBFFE673BE8E858B7EE838383B7C6A931EDCD02B41D9111008000911100800091110080009111008000911100800091110080009111008000911100800091110080009111008000911100800091110080009111008000911100800091110080009111008000911100800091110080009111008000911100800091110080009111008000911100800091110080009111008000911100800091110080009111008000911100800091110080009111008000911100800091110080009111008000911100800091110080009111008000911100800091110080009111008000911100800091110080009111008000911100800091110080009111008000911100800091110080009111008000911100800091110080009111008000911100800091110080009111008000911100800091110080009111008000911100800091110080009111008000911100800091110080009111008000911100800091110080009111008000911100800091110080009111008000911100800091110080009111008000911100800091110080009111008000911100800091110080009111008000911100800091110080009111008000911100800091110080009111008080FF072B2372D65F89B8860000000049454E44AE426082, '0'), ('222512', '1', 'importProcess.bpmn', '222510', 0x3C3F786D6C2076657273696F6E3D22312E302220656E636F64696E673D225554462D38223F3E0A3C646566696E6974696F6E7320786D6C6E733D22687474703A2F2F7777772E6F6D672E6F72672F737065632F42504D4E2F32303130303532342F4D4F44454C2220786D6C6E733A7873693D22687474703A2F2F7777772E77332E6F72672F323030312F584D4C536368656D612D696E7374616E63652220786D6C6E733A7873643D22687474703A2F2F7777772E77332E6F72672F323030312F584D4C536368656D612220786D6C6E733A61637469766974693D22687474703A2F2F61637469766974692E6F72672F62706D6E2220786D6C6E733A62706D6E64693D22687474703A2F2F7777772E6F6D672E6F72672F737065632F42504D4E2F32303130303532342F44492220786D6C6E733A6F6D6764633D22687474703A2F2F7777772E6F6D672E6F72672F737065632F44442F32303130303532342F44432220786D6C6E733A6F6D6764693D22687474703A2F2F7777772E6F6D672E6F72672F737065632F44442F32303130303532342F44492220747970654C616E67756167653D22687474703A2F2F7777772E77332E6F72672F323030312F584D4C536368656D61222065787072657373696F6E4C616E67756167653D22687474703A2F2F7777772E77332E6F72672F313939392F585061746822207461726765744E616D6573706163653D22687474703A2F2F7777772E61637469766974692E6F72672F74657374223E0A20203C70726F636573732069643D22696D706F727450726F6365737322206E616D653D22E794B3E8AFB7E6B581E7A88B2220697345786563757461626C653D2274727565223E0A202020203C73746172744576656E742069643D2273746172746576656E743122206E616D653D22E5BC80E5A78B223E3C2F73746172744576656E743E0A202020203C757365725461736B2069643D22757365727461736B3122206E616D653D22E68F90E4BAA4E794B3E8AFB7222061637469766974693A61737369676E65653D22237B696E707574757365727D222061637469766974693A666F726D4B65793D222F70616765732F6C656176652F7265672E6A7370223E3C2F757365725461736B3E0A202020203C757365725461736B2069643D22757365727461736B3222206E616D653D22E983A8E997A8E7BB8FE79086E5AEA1E689B9222061637469766974693A63616E64696461746555736572733D22237B62756D656E6A696E676C697D222061637469766974693A666F726D4B65793D222F70616765732F6C656176652F7265672E6A7370223E3C2F757365725461736B3E0A202020203C656E644576656E742069643D22656E646576656E743122206E616D653D22E7BB93E69D9F223E3C2F656E644576656E743E0A202020203C73657175656E6365466C6F772069643D22666C6F77312220736F757263655265663D2273746172746576656E743122207461726765745265663D22757365727461736B31223E3C2F73657175656E6365466C6F773E0A202020203C73657175656E6365466C6F772069643D22666C6F77322220736F757263655265663D22757365727461736B3122207461726765745265663D22757365727461736B32223E3C2F73657175656E6365466C6F773E0A202020203C73657175656E6365466C6F772069643D22666C6F773322206E616D653D22E5908CE6848F2220736F757263655265663D22757365727461736B3222207461726765745265663D22656E646576656E7431223E0A2020202020203C636F6E646974696F6E45787072657373696F6E207873693A747970653D2274466F726D616C45787072657373696F6E223E3C215B43444154415B247B6D73673D3D27E5908CE6848F277D5D5D3E3C2F636F6E646974696F6E45787072657373696F6E3E0A202020203C2F73657175656E6365466C6F773E0A202020203C757365725461736B2069643D22757365727461736B3322206E616D653D22E4BFAEE694B9E794B3E8AFB7222061637469766974693A61737369676E65653D22237B696E707574757365727D222061637469766974693A666F726D4B65793D222F70616765732F6C656176652F7265672E6A7370223E3C2F757365725461736B3E0A202020203C73657175656E6365466C6F772069643D22666C6F773422206E616D653D22E4B88DE5908CE6848F2220736F757263655265663D22757365727461736B3222207461726765745265663D22757365727461736B33223E0A2020202020203C636F6E646974696F6E45787072657373696F6E207873693A747970653D2274466F726D616C45787072657373696F6E223E3C215B43444154415B7B6D73673D3DE28098E4B88DE5908CE6848FE280997D5D5D3E3C2F636F6E646974696F6E45787072657373696F6E3E0A202020203C2F73657175656E6365466C6F773E0A202020203C73657175656E6365466C6F772069643D22666C6F77352220736F757263655265663D22757365727461736B3322207461726765745265663D22757365727461736B32223E3C2F73657175656E6365466C6F773E0A20203C2F70726F636573733E0A20203C62706D6E64693A42504D4E4469616772616D2069643D2242504D4E4469616772616D5F696D706F727450726F63657373223E0A202020203C62706D6E64693A42504D4E506C616E652062706D6E456C656D656E743D22696D706F727450726F63657373222069643D2242504D4E506C616E655F696D706F727450726F63657373223E0A2020202020203C62706D6E64693A42504D4E53686170652062706D6E456C656D656E743D2273746172746576656E7431222069643D2242504D4E53686170655F73746172746576656E7431223E0A20202020202020203C6F6D6764633A426F756E6473206865696768743D2235312E30222077696474683D2235312E302220783D2233302E302220793D223136302E30223E3C2F6F6D6764633A426F756E64733E0A2020202020203C2F62706D6E64693A42504D4E53686170653E0A2020202020203C62706D6E64693A42504D4E53686170652062706D6E456C656D656E743D22757365727461736B31222069643D2242504D4E53686170655F757365727461736B31223E0A20202020202020203C6F6D6764633A426F756E6473206865696768743D2235312E30222077696474683D223130312E302220783D223138302E302220793D223136302E30223E3C2F6F6D6764633A426F756E64733E0A2020202020203C2F62706D6E64693A42504D4E53686170653E0A2020202020203C62706D6E64693A42504D4E53686170652062706D6E456C656D656E743D22757365727461736B32222069643D2242504D4E53686170655F757365727461736B32223E0A20202020202020203C6F6D6764633A426F756E6473206865696768743D2235312E30222077696474683D223130312E302220783D223339302E302220793D223136302E30223E3C2F6F6D6764633A426F756E64733E0A2020202020203C2F62706D6E64693A42504D4E53686170653E0A2020202020203C62706D6E64693A42504D4E53686170652062706D6E456C656D656E743D22656E646576656E7431222069643D2242504D4E53686170655F656E646576656E7431223E0A20202020202020203C6F6D6764633A426F756E6473206865696768743D2234312E30222077696474683D2235312E302220783D223632302E302220793D223136352E30223E3C2F6F6D6764633A426F756E64733E0A2020202020203C2F62706D6E64693A42504D4E53686170653E0A2020202020203C62706D6E64693A42504D4E53686170652062706D6E456C656D656E743D22757365727461736B33222069643D2242504D4E53686170655F757365727461736B33223E0A20202020202020203C6F6D6764633A426F756E6473206865696768743D2236312E30222077696474683D223130352E302220783D223339302E302220793D223234302E30223E3C2F6F6D6764633A426F756E64733E0A2020202020203C2F62706D6E64693A42504D4E53686170653E0A2020202020203C62706D6E64693A42504D4E456467652062706D6E456C656D656E743D22666C6F7731222069643D2242504D4E456467655F666C6F7731223E0A20202020202020203C6F6D6764693A776179706F696E7420783D2238312E302220793D223138352E30223E3C2F6F6D6764693A776179706F696E743E0A20202020202020203C6F6D6764693A776179706F696E7420783D223138302E302220793D223138352E30223E3C2F6F6D6764693A776179706F696E743E0A2020202020203C2F62706D6E64693A42504D4E456467653E0A2020202020203C62706D6E64693A42504D4E456467652062706D6E456C656D656E743D22666C6F7732222069643D2242504D4E456467655F666C6F7732223E0A20202020202020203C6F6D6764693A776179706F696E7420783D223238312E302220793D223138352E30223E3C2F6F6D6764693A776179706F696E743E0A20202020202020203C6F6D6764693A776179706F696E7420783D223339302E302220793D223138352E30223E3C2F6F6D6764693A776179706F696E743E0A2020202020203C2F62706D6E64693A42504D4E456467653E0A2020202020203C62706D6E64693A42504D4E456467652062706D6E456C656D656E743D22666C6F7733222069643D2242504D4E456467655F666C6F7733223E0A20202020202020203C6F6D6764693A776179706F696E7420783D223439312E302220793D223138352E30223E3C2F6F6D6764693A776179706F696E743E0A20202020202020203C6F6D6764693A776179706F696E7420783D223632302E302220793D223138352E30223E3C2F6F6D6764693A776179706F696E743E0A20202020202020203C62706D6E64693A42504D4E4C6162656C3E0A202020202020202020203C6F6D6764633A426F756E6473206865696768743D2231342E30222077696474683D223130302E302220783D223532302E302220793D223138352E30223E3C2F6F6D6764633A426F756E64733E0A20202020202020203C2F62706D6E64693A42504D4E4C6162656C3E0A2020202020203C2F62706D6E64693A42504D4E456467653E0A2020202020203C62706D6E64693A42504D4E456467652062706D6E456C656D656E743D22666C6F7734222069643D2242504D4E456467655F666C6F7734223E0A20202020202020203C6F6D6764693A776179706F696E7420783D223434302E302220793D223231312E30223E3C2F6F6D6764693A776179706F696E743E0A20202020202020203C6F6D6764693A776179706F696E7420783D223434322E302220793D223234302E30223E3C2F6F6D6764693A776179706F696E743E0A20202020202020203C62706D6E64693A42504D4E4C6162656C3E0A202020202020202020203C6F6D6764633A426F756E6473206865696768743D2231342E30222077696474683D223130302E302220783D223434302E302220793D223231312E30223E3C2F6F6D6764633A426F756E64733E0A20202020202020203C2F62706D6E64693A42504D4E4C6162656C3E0A2020202020203C2F62706D6E64693A42504D4E456467653E0A2020202020203C62706D6E64693A42504D4E456467652062706D6E456C656D656E743D22666C6F7735222069643D2242504D4E456467655F666C6F7735223E0A20202020202020203C6F6D6764693A776179706F696E7420783D223439352E302220793D223237302E30223E3C2F6F6D6764693A776179706F696E743E0A20202020202020203C6F6D6764693A776179706F696E7420783D223430392E302220793D223233392E30223E3C2F6F6D6764693A776179706F696E743E0A20202020202020203C6F6D6764693A776179706F696E7420783D223434302E302220793D223231312E30223E3C2F6F6D6764693A776179706F696E743E0A2020202020203C2F62706D6E64693A42504D4E456467653E0A202020203C2F62706D6E64693A42504D4E506C616E653E0A20203C2F62706D6E64693A42504D4E4469616772616D3E0A3C2F646566696E6974696F6E733E, '0');
COMMIT;

-- ----------------------------
-- Table structure for act_ge_property
-- ----------------------------
DROP TABLE IF EXISTS `act_ge_property`;
CREATE TABLE `act_ge_property` (
`NAME_`  varchar(64) CHARACTER SET utf8 COLLATE utf8_bin NOT NULL ,
`VALUE_`  varchar(300) CHARACTER SET utf8 COLLATE utf8_bin NULL DEFAULT NULL ,
`REV_`  int(11) NULL DEFAULT NULL ,
PRIMARY KEY (`NAME_`)
)
ENGINE=InnoDB
DEFAULT CHARACTER SET=utf8 COLLATE=utf8_bin

;

-- ----------------------------
-- Records of act_ge_property
-- ----------------------------
BEGIN;
INSERT INTO `act_ge_property` VALUES ('next.dbid', '227501', '92'), ('schema.history', 'create(5.22.0.0)', '1'), ('schema.version', '5.22.0.0', '1');
COMMIT;

-- ----------------------------
-- Table structure for act_hi_actinst
-- ----------------------------
DROP TABLE IF EXISTS `act_hi_actinst`;
CREATE TABLE `act_hi_actinst` (
`ID_`  varchar(64) CHARACTER SET utf8 COLLATE utf8_bin NOT NULL ,
`PROC_DEF_ID_`  varchar(64) CHARACTER SET utf8 COLLATE utf8_bin NOT NULL ,
`PROC_INST_ID_`  varchar(64) CHARACTER SET utf8 COLLATE utf8_bin NOT NULL ,
`EXECUTION_ID_`  varchar(64) CHARACTER SET utf8 COLLATE utf8_bin NOT NULL ,
`ACT_ID_`  varchar(255) CHARACTER SET utf8 COLLATE utf8_bin NOT NULL ,
`TASK_ID_`  varchar(64) CHARACTER SET utf8 COLLATE utf8_bin NULL DEFAULT NULL ,
`CALL_PROC_INST_ID_`  varchar(64) CHARACTER SET utf8 COLLATE utf8_bin NULL DEFAULT NULL ,
`ACT_NAME_`  varchar(255) CHARACTER SET utf8 COLLATE utf8_bin NULL DEFAULT NULL ,
`ACT_TYPE_`  varchar(255) CHARACTER SET utf8 COLLATE utf8_bin NOT NULL ,
`ASSIGNEE_`  varchar(255) CHARACTER SET utf8 COLLATE utf8_bin NULL DEFAULT NULL ,
`START_TIME_`  datetime(3) NOT NULL ,
`END_TIME_`  datetime(3) NULL DEFAULT NULL ,
`DURATION_`  bigint(20) NULL DEFAULT NULL ,
`TENANT_ID_`  varchar(255) CHARACTER SET utf8 COLLATE utf8_bin NULL DEFAULT '' ,
PRIMARY KEY (`ID_`),
INDEX `ACT_IDX_HI_ACT_INST_START` (`START_TIME_`) USING BTREE ,
INDEX `ACT_IDX_HI_ACT_INST_END` (`END_TIME_`) USING BTREE ,
INDEX `ACT_IDX_HI_ACT_INST_PROCINST` (`PROC_INST_ID_`, `ACT_ID_`) USING BTREE ,
INDEX `ACT_IDX_HI_ACT_INST_EXEC` (`EXECUTION_ID_`, `ACT_ID_`) USING BTREE 
)
ENGINE=InnoDB
DEFAULT CHARACTER SET=utf8 COLLATE=utf8_bin

;

-- ----------------------------
-- Records of act_hi_actinst
-- ----------------------------
BEGIN;
INSERT INTO `act_hi_actinst` VALUES ('170006', 'activitiemployeeProcess:1:170004', '170005', '170005', 'startevent2', null, null, '', 'startEvent', null, '2017-09-06 11:22:57.132', '2017-09-06 11:22:57.163', '31', ''), ('170008', 'activitiemployeeProcess:1:170004', '170005', '170005', 'usertask6', '170009', null, '', 'userTask', null, '2017-09-06 11:22:57.164', '2017-09-06 11:22:57.629', '465', ''), ('170011', 'activitiemployeeProcess:1:170004', '170005', '170005', 'usertask7', '170012', null, '', 'userTask', null, '2017-09-06 11:22:57.629', '2017-09-06 15:54:25.360', '16287731', ''), ('172505', 'activitiemployeeProcess:1:170004', '170005', '170005', 'parallelgateway1', null, null, '', 'parallelGateway', null, '2017-09-06 15:54:25.360', '2017-09-06 15:54:25.361', '1', ''), ('172508', 'activitiemployeeProcess:1:170004', '170005', '172506', 'usertask8', '172509', null, '', 'userTask', null, '2017-09-06 15:54:25.367', '2017-09-06 15:56:33.891', '128524', ''), ('172511', 'activitiemployeeProcess:1:170004', '170005', '172507', 'usertask9', '172512', null, '', 'userTask', null, '2017-09-06 15:54:25.372', '2017-09-06 15:56:57.754', '152382', ''), ('172515', 'activitiemployeeProcess:1:170004', '170005', '172506', 'parallelgateway2', null, null, '', 'parallelGateway', null, '2017-09-06 15:56:33.891', '2017-09-06 15:56:33.899', '8', ''), ('172517', 'activitiemployeeProcess:1:170004', '170005', '172507', 'parallelgateway2', null, null, '', 'parallelGateway', null, '2017-09-06 15:56:57.754', '2017-09-06 15:56:57.762', '8', ''), ('172518', 'activitiemployeeProcess:1:170004', '170005', '170005', 'usertask10', '172519', null, '', 'userTask', null, '2017-09-06 15:56:57.875', '2017-09-07 09:31:26.248', '63268373', ''), ('175003', 'activitiemployeeProcess:1:170004', '170005', '170005', 'exclusivegateway1', null, null, '', 'exclusiveGateway', null, '2017-09-07 09:31:26.248', '2017-09-07 09:31:26.294', '46', ''), ('175004', 'activitiemployeeProcess:1:170004', '170005', '170005', 'usertask12', '175005', null, '', 'userTask', null, '2017-09-07 09:31:26.294', '2017-09-07 09:43:43.935', '737641', ''), ('177503', 'activitiemployeeProcess:1:170004', '170005', '170005', 'endevent2', null, null, '', 'endEvent', null, '2017-09-07 09:43:43.936', '2017-09-07 09:43:43.936', '0', ''), ('180002', 'activitiemployeeProcess:1:170004', '180001', '180001', 'startevent2', null, null, '', 'startEvent', null, '2017-09-07 10:09:15.093', '2017-09-07 10:09:15.289', '196', ''), ('180004', 'activitiemployeeProcess:1:170004', '180001', '180001', 'usertask6', '180005', null, '', 'userTask', null, '2017-09-07 10:09:15.290', '2017-09-07 10:09:16.139', '849', ''), ('180007', 'activitiemployeeProcess:1:170004', '180001', '180001', 'usertask7', '180008', null, '', 'userTask', null, '2017-09-07 10:09:16.139', '2017-09-07 10:38:03.728', '1727589', ''), ('182505', 'activitiemployeeProcess:1:170004', '180001', '180001', 'parallelgateway1', null, null, '', 'parallelGateway', null, '2017-09-07 10:38:03.728', '2017-09-07 10:38:03.728', '0', ''), ('182508', 'activitiemployeeProcess:1:170004', '180001', '182506', 'usertask8', '182509', null, '', 'userTask', null, '2017-09-07 10:38:03.735', '2017-09-08 11:31:46.742', '89623007', ''), ('182511', 'activitiemployeeProcess:1:170004', '180001', '182507', 'usertask9', '182512', null, '', 'userTask', null, '2017-09-07 10:38:03.740', '2017-09-08 11:32:18.196', '89654456', ''), ('185003', 'activitiemployeeProcess:1:170004', '180001', '182506', 'parallelgateway2', null, null, '', 'parallelGateway', null, '2017-09-08 11:31:46.742', '2017-09-08 11:31:46.749', '7', ''), ('185006', 'activitiemployeeProcess:1:170004', '180001', '182507', 'parallelgateway2', null, null, '', 'parallelGateway', null, '2017-09-08 11:32:18.196', '2017-09-08 11:32:18.206', '10', ''), ('185007', 'activitiemployeeProcess:1:170004', '180001', '180001', 'usertask10', '185008', null, '', 'userTask', null, '2017-09-08 11:32:18.260', '2017-09-08 11:32:46.792', '28532', ''), ('185012', 'activitiemployeeProcess:1:170004', '180001', '180001', 'exclusivegateway1', null, null, '', 'exclusiveGateway', null, '2017-09-08 11:32:46.792', '2017-09-08 11:32:46.841', '49', ''), ('185013', 'activitiemployeeProcess:1:170004', '180001', '180001', 'usertask11', '185014', null, '', 'userTask', null, '2017-09-08 11:32:46.842', '2017-09-08 11:33:35.619', '48777', ''), ('185018', 'activitiemployeeProcess:1:170004', '180001', '180001', 'endevent2', null, null, '', 'endEvent', null, '2017-09-08 11:33:35.619', '2017-09-08 11:33:35.619', '0', ''), ('187502', 'activitiemployeeProcess:1:170004', '187501', '187501', 'startevent2', null, null, '', 'startEvent', null, '2017-09-08 14:53:05.062', '2017-09-08 14:53:05.199', '137', ''), ('187504', 'activitiemployeeProcess:1:170004', '187501', '187501', 'usertask6', '187505', null, '', 'userTask', null, '2017-09-08 14:53:05.199', '2017-09-08 14:53:05.685', '486', ''), ('187507', 'activitiemployeeProcess:1:170004', '187501', '187501', 'usertask7', '187508', null, '', 'userTask', null, '2017-09-08 14:53:05.685', '2017-09-08 14:59:13.625', '367940', ''), ('187514', 'activitiemployeeProcess:1:170004', '187501', '187501', 'parallelgateway1', null, null, '', 'parallelGateway', null, '2017-09-08 14:59:13.625', '2017-09-08 14:59:13.625', '0', ''), ('187517', 'activitiemployeeProcess:1:170004', '187501', '187515', 'usertask8', '187518', null, '', 'userTask', null, '2017-09-08 14:59:13.635', '2017-09-08 15:16:00.363', '1006728', ''), ('187520', 'activitiemployeeProcess:1:170004', '187501', '187516', 'usertask9', '187521', null, '', 'userTask', null, '2017-09-08 14:59:13.641', '2017-09-08 15:15:29.196', '975555', ''), ('187525', 'activitiemployeeProcess:1:170004', '187501', '187516', 'parallelgateway2', null, null, '', 'parallelGateway', null, '2017-09-08 15:15:29.196', '2017-09-08 15:15:29.202', '6', ''), ('187528', 'activitiemployeeProcess:1:170004', '187501', '187515', 'parallelgateway2', null, null, '', 'parallelGateway', null, '2017-09-08 15:16:00.363', '2017-09-08 15:16:00.368', '5', ''), ('187529', 'activitiemployeeProcess:1:170004', '187501', '187501', 'usertask10', '187530', null, '', 'userTask', null, '2017-09-08 15:16:00.430', '2017-09-08 15:17:02.874', '62444', ''), ('187534', 'activitiemployeeProcess:1:170004', '187501', '187501', 'exclusivegateway1', null, null, '', 'exclusiveGateway', null, '2017-09-08 15:17:02.874', '2017-09-08 15:17:02.875', '1', ''), ('187535', 'activitiemployeeProcess:1:170004', '187501', '187501', 'usertask11', '187536', null, '', 'userTask', null, '2017-09-08 15:17:02.875', '2017-09-08 15:18:42.387', '99512', ''), ('187540', 'activitiemployeeProcess:1:170004', '187501', '187501', 'endevent2', null, null, '', 'endEvent', null, '2017-09-08 15:18:42.388', '2017-09-08 15:18:42.388', '0', ''), ('190002', 'activitiemployeeProcess:1:170004', '190001', '190001', 'startevent2', null, null, '', 'startEvent', null, '2017-09-09 09:58:45.252', '2017-09-09 09:58:45.400', '148', ''), ('190004', 'activitiemployeeProcess:1:170004', '190001', '190001', 'usertask6', '190005', null, '', 'userTask', null, '2017-09-09 09:58:45.401', '2017-09-09 09:58:46.083', '682', ''), ('190007', 'activitiemployeeProcess:1:170004', '190001', '190001', 'usertask7', '190008', null, '', 'userTask', '1', '2017-09-09 09:58:46.083', '2017-09-13 09:07:03.955', '342497872', ''), ('195002', 'activitiemployeeProcess:1:170004', '195001', '195001', 'startevent2', null, null, '', 'startEvent', null, '2017-09-09 10:33:35.542', '2017-09-09 10:33:35.628', '86', ''), ('195004', 'activitiemployeeProcess:1:170004', '195001', '195001', 'usertask6', '195005', null, '', 'userTask', null, '2017-09-09 10:33:35.629', '2017-09-09 10:33:36.398', '769', ''), ('195007', 'activitiemployeeProcess:1:170004', '195001', '195001', 'usertask7', '195008', null, '', 'userTask', null, '2017-09-09 10:33:36.398', null, null, ''), ('197501', 'activitiemployeeProcess:1:170004', '190001', '190001', 'endevent2', null, null, '', 'endEvent', null, '2017-09-13 09:07:04.446', '2017-09-13 09:07:04.446', '0', ''), ('200002', 'activitiemployeeProcess:1:170004', '200001', '200001', 'startevent2', null, null, '', 'startEvent', null, '2017-09-13 09:31:42.876', '2017-09-13 09:31:43.027', '151', ''), ('200004', 'activitiemployeeProcess:1:170004', '200001', '200001', 'usertask6', '200005', null, '', 'userTask', null, '2017-09-13 09:31:43.028', '2017-09-13 09:31:43.962', '934', ''), ('200007', 'activitiemployeeProcess:1:170004', '200001', '200001', 'usertask7', '200008', null, '', 'userTask', null, '2017-09-13 09:31:43.962', null, null, ''), ('202502', 'activitiemployeeProcess:1:170004', '202501', '202501', 'startevent2', null, null, '', 'startEvent', null, '2017-09-13 10:24:01.454', '2017-09-13 10:24:02.054', '600', ''), ('202504', 'activitiemployeeProcess:1:170004', '202501', '202501', 'usertask6', '202505', null, '', 'userTask', null, '2017-09-13 10:24:02.055', '2017-09-13 10:24:05.481', '3426', ''), ('202507', 'activitiemployeeProcess:1:170004', '202501', '202501', 'usertask7', '202508', null, '', 'userTask', null, '2017-09-13 10:24:05.481', '2017-09-13 10:35:07.512', '662031', ''), ('202514', 'activitiemployeeProcess:1:170004', '202501', '202501', 'parallelgateway1', null, null, '', 'parallelGateway', null, '2017-09-13 10:35:07.513', '2017-09-13 10:35:07.513', '0', ''), ('202517', 'activitiemployeeProcess:1:170004', '202501', '202515', 'usertask8', '202518', null, '', 'userTask', null, '2017-09-13 10:35:07.583', '2017-09-13 17:54:09.814', '26342231', ''), ('202520', 'activitiemployeeProcess:1:170004', '202501', '202516', 'usertask9', '202521', null, '', 'userTask', null, '2017-09-13 10:35:07.590', null, null, ''), ('205002', 'activitiemployeeProcess:1:170004', '205001', '205001', 'startevent2', null, null, '', 'startEvent', null, '2017-09-13 11:35:21.795', '2017-09-13 11:35:22.080', '285', ''), ('205004', 'activitiemployeeProcess:1:170004', '205001', '205001', 'usertask6', '205005', null, '', 'userTask', null, '2017-09-13 11:35:22.082', '2017-09-13 11:35:25.297', '3215', ''), ('205007', 'activitiemployeeProcess:1:170004', '205001', '205001', 'usertask7', '205008', null, '', 'userTask', null, '2017-09-13 11:35:25.299', '2017-09-13 11:56:27.316', '1262017', ''), ('207505', 'activitiemployeeProcess:1:170004', '205001', '205001', 'endevent2', null, null, '', 'endEvent', null, '2017-09-13 11:56:27.318', '2017-09-13 11:56:27.320', '2', ''), ('210001', 'activitiemployeeProcess:1:170004', '202501', '202515', 'usertask7', '210002', null, '', 'userTask', null, '2017-09-13 17:54:10.832', '2017-09-14 09:27:38.529', '56007697', ''), ('212502', 'activitiemployeeProcess:1:170004', '212501', '212501', 'startevent2', null, null, '', 'startEvent', null, '2017-09-14 09:04:47.485', '2017-09-14 09:04:47.772', '287', ''), ('212504', 'activitiemployeeProcess:1:170004', '212501', '212501', 'usertask6', '212505', null, '', 'userTask', null, '2017-09-14 09:04:47.774', '2017-09-14 09:04:50.332', '2558', ''), ('212507', 'activitiemployeeProcess:1:170004', '212501', '212501', 'usertask7', '212508', null, '', 'userTask', null, '2017-09-14 09:04:50.334', '2017-09-14 09:14:56.955', '606621', ''), ('212510', 'activitiemployeeProcess:1:170004', '212501', '212501', 'usertask6', '212511', null, '', 'userTask', null, '2017-09-14 09:14:56.956', null, null, ''), ('212514', 'activitiemployeeProcess:1:170004', '212513', '212513', 'startevent2', null, null, '', 'startEvent', null, '2017-09-14 09:16:49.657', '2017-09-14 09:16:49.659', '2', ''), ('212516', 'activitiemployeeProcess:1:170004', '212513', '212513', 'usertask6', '212517', null, '', 'userTask', null, '2017-09-14 09:16:49.660', '2017-09-14 09:16:49.747', '87', ''), ('212519', 'activitiemployeeProcess:1:170004', '212513', '212513', 'usertask7', '212520', null, '', 'userTask', null, '2017-09-14 09:16:49.747', '2017-09-14 09:17:29.387', '39640', ''), ('212526', 'activitiemployeeProcess:1:170004', '212513', '212513', 'parallelgateway1', null, null, '', 'parallelGateway', null, '2017-09-14 09:17:29.387', '2017-09-14 09:17:29.387', '0', ''), ('212529', 'activitiemployeeProcess:1:170004', '212513', '212527', 'usertask8', '212530', null, '', 'userTask', null, '2017-09-14 09:17:29.394', '2017-09-14 09:17:56.291', '26897', ''), ('212532', 'activitiemployeeProcess:1:170004', '212513', '212528', 'usertask9', '212533', null, '', 'userTask', null, '2017-09-14 09:17:29.400', '2017-09-14 09:18:24.710', '55310', ''), ('212537', 'activitiemployeeProcess:1:170004', '212513', '212527', 'parallelgateway2', null, null, '', 'parallelGateway', null, '2017-09-14 09:17:56.292', '2017-09-14 09:17:56.301', '9', ''), ('212540', 'activitiemployeeProcess:1:170004', '212513', '212528', 'parallelgateway2', null, null, '', 'parallelGateway', null, '2017-09-14 09:18:24.710', '2017-09-14 09:18:24.715', '5', ''), ('212541', 'activitiemployeeProcess:1:170004', '212513', '212513', 'usertask10', '212542', null, '', 'userTask', null, '2017-09-14 09:18:24.794', '2017-09-14 09:20:32.581', '127787', ''), ('212546', 'activitiemployeeProcess:1:170004', '212513', '212513', 'exclusivegateway1', null, null, '', 'exclusiveGateway', null, '2017-09-14 09:20:32.581', '2017-09-14 09:20:32.581', '0', ''), ('212547', 'activitiemployeeProcess:1:170004', '212513', '212513', 'usertask12', '212548', null, '', 'userTask', null, '2017-09-14 09:20:32.581', '2017-09-14 09:21:24.948', '52367', ''), ('212550', 'activitiemployeeProcess:1:170004', '212513', '212513', 'usertask10', '212551', null, '', 'userTask', null, '2017-09-14 09:21:24.948', '2017-09-14 09:22:13.683', '48735', ''), ('212554', 'activitiemployeeProcess:1:170004', '212513', '212513', 'exclusivegateway1', null, null, '', 'exclusiveGateway', null, '2017-09-14 09:22:13.683', '2017-09-14 09:22:13.684', '1', ''), ('212555', 'activitiemployeeProcess:1:170004', '212513', '212513', 'usertask12', '212556', null, '', 'userTask', null, '2017-09-14 09:22:13.684', '2017-09-14 09:22:43.629', '29945', ''), ('212560', 'activitiemployeeProcess:1:170004', '212513', '212513', 'endevent2', null, null, '', 'endEvent', null, '2017-09-14 09:22:43.629', '2017-09-14 09:22:43.629', '0', ''), ('212562', 'activitiemployeeProcess:1:170004', '202501', '202515', 'parallelgateway1', null, null, '', 'parallelGateway', null, '2017-09-14 09:27:38.529', '2017-09-14 09:27:38.533', '4', ''), ('212564', 'activitiemployeeProcess:1:170004', '202501', '202515', 'usertask8', '212565', null, '', 'userTask', null, '2017-09-14 09:27:38.537', null, null, ''), ('212567', 'activitiemployeeProcess:1:170004', '202501', '212563', 'usertask9', '212568', null, '', 'userTask', null, '2017-09-14 09:27:38.540', null, null, ''), ('217581', 'hqProcess:1:217579', '217580', '217580', 'startevent1', null, null, '', 'startEvent', null, '2017-09-19 17:20:50.224', '2017-09-19 17:20:50.228', '4', ''), ('217586', 'hqProcess:1:217579', '217580', '217585', 'usertask1', '217595', null, '', 'userTask', '1', '2017-09-19 17:20:50.228', null, null, ''), ('217599', 'hqProcess:1:217579', '217580', '217591', 'usertask1', '217600', null, '', 'userTask', '2', '2017-09-19 17:20:50.238', null, null, ''), ('217604', 'hqProcess:1:217579', '217580', '217592', 'usertask1', '217605', null, '', 'userTask', '1', '2017-09-19 17:20:50.242', null, null, ''), ('222502', 'activitiemployeeProcess:1:170004', '222501', '222501', 'startevent2', null, null, '', 'startEvent', null, '2017-09-21 09:24:02.818', '2017-09-21 09:24:02.853', '35', ''), ('222504', 'activitiemployeeProcess:1:170004', '222501', '222501', 'usertask6', '222505', null, '', 'userTask', null, '2017-09-21 09:24:02.853', '2017-09-21 09:24:02.995', '142', ''), ('222507', 'activitiemployeeProcess:1:170004', '222501', '222501', 'usertask7', '222508', null, '', 'userTask', null, '2017-09-21 09:24:02.995', null, null, ''), ('222515', 'activitiemployeeProcess:1:170004', '222514', '222514', 'startevent2', null, null, '', 'startEvent', null, '2017-09-21 09:25:04.651', '2017-09-21 09:25:04.653', '2', ''), ('222518', 'activitiemployeeProcess:1:170004', '222514', '222514', 'usertask6', '222519', null, '', 'userTask', null, '2017-09-21 09:25:04.653', '2017-09-21 09:25:04.710', '57', ''), ('222521', 'activitiemployeeProcess:1:170004', '222514', '222514', 'usertask7', '222522', null, '', 'userTask', null, '2017-09-21 09:25:04.710', null, null, ''), ('225002', 'importProcess:1:222513', '225001', '225001', 'startevent1', null, null, '', 'startEvent', null, '2017-09-21 09:27:26.826', '2017-09-21 09:27:26.856', '30', ''), ('225005', 'importProcess:1:222513', '225001', '225001', 'usertask1', '225006', null, '', 'userTask', 'f0cb2ea5d7e64774ad0a1cb988b7942d', '2017-09-21 09:27:26.856', '2017-09-21 09:27:26.994', '138', ''), ('225008', 'importProcess:1:222513', '225001', '225001', 'usertask2', '225009', null, '', 'userTask', null, '2017-09-21 09:27:26.994', null, null, '');
COMMIT;

-- ----------------------------
-- Table structure for act_hi_attachment
-- ----------------------------
DROP TABLE IF EXISTS `act_hi_attachment`;
CREATE TABLE `act_hi_attachment` (
`ID_`  varchar(64) CHARACTER SET utf8 COLLATE utf8_bin NOT NULL ,
`REV_`  int(11) NULL DEFAULT NULL ,
`USER_ID_`  varchar(255) CHARACTER SET utf8 COLLATE utf8_bin NULL DEFAULT NULL ,
`NAME_`  varchar(255) CHARACTER SET utf8 COLLATE utf8_bin NULL DEFAULT NULL ,
`DESCRIPTION_`  varchar(4000) CHARACTER SET utf8 COLLATE utf8_bin NULL DEFAULT NULL ,
`TYPE_`  varchar(255) CHARACTER SET utf8 COLLATE utf8_bin NULL DEFAULT NULL ,
`TASK_ID_`  varchar(64) CHARACTER SET utf8 COLLATE utf8_bin NULL DEFAULT NULL ,
`PROC_INST_ID_`  varchar(64) CHARACTER SET utf8 COLLATE utf8_bin NULL DEFAULT NULL ,
`URL_`  varchar(4000) CHARACTER SET utf8 COLLATE utf8_bin NULL DEFAULT NULL ,
`CONTENT_ID_`  varchar(64) CHARACTER SET utf8 COLLATE utf8_bin NULL DEFAULT NULL ,
`TIME_`  datetime(3) NULL DEFAULT NULL ,
PRIMARY KEY (`ID_`)
)
ENGINE=InnoDB
DEFAULT CHARACTER SET=utf8 COLLATE=utf8_bin

;

-- ----------------------------
-- Records of act_hi_attachment
-- ----------------------------
BEGIN;
COMMIT;

-- ----------------------------
-- Table structure for act_hi_comment
-- ----------------------------
DROP TABLE IF EXISTS `act_hi_comment`;
CREATE TABLE `act_hi_comment` (
`ID_`  varchar(64) CHARACTER SET utf8 COLLATE utf8_bin NOT NULL ,
`TYPE_`  varchar(255) CHARACTER SET utf8 COLLATE utf8_bin NULL DEFAULT NULL ,
`TIME_`  datetime(3) NOT NULL ,
`USER_ID_`  varchar(255) CHARACTER SET utf8 COLLATE utf8_bin NULL DEFAULT NULL ,
`TASK_ID_`  varchar(64) CHARACTER SET utf8 COLLATE utf8_bin NULL DEFAULT NULL ,
`PROC_INST_ID_`  varchar(64) CHARACTER SET utf8 COLLATE utf8_bin NULL DEFAULT NULL ,
`ACTION_`  varchar(255) CHARACTER SET utf8 COLLATE utf8_bin NULL DEFAULT NULL ,
`MESSAGE_`  varchar(4000) CHARACTER SET utf8 COLLATE utf8_bin NULL DEFAULT NULL ,
`FULL_MSG_`  longblob NULL ,
PRIMARY KEY (`ID_`)
)
ENGINE=InnoDB
DEFAULT CHARACTER SET=utf8 COLLATE=utf8_bin

;

-- ----------------------------
-- Records of act_hi_comment
-- ----------------------------
BEGIN;
INSERT INTO `act_hi_comment` VALUES ('172501', 'comment', '2017-09-06 15:54:24.189', 'admin[]', '170012', '170005', 'AddComment', '', ''), ('172514', 'comment', '2017-09-06 15:56:33.633', 'admin[]', '172509', '170005', 'AddComment', '', 0xCDACC3CBB9FA), ('172516', 'comment', '2017-09-06 15:56:57.606', 'admin[]', '172512', '170005', 'AddComment', '454848', 0x343534383438), ('175001', 'comment', '2017-09-07 09:31:25.451', '1[]', '172519', '170005', 'AddComment', '', ''), ('177501', 'comment', '2017-09-07 09:43:43.707', '1[]', '175005', '170005', 'AddComment', '564646', 0x353634363436), ('182501', 'comment', '2017-09-07 10:38:03.189', '1[]', '180008', '180001', 'AddComment', '', 0xCDACD2E2), ('185001', 'comment', '2017-09-08 11:31:46.088', '1[]', '182509', '180001', 'AddComment', '', 0xCDACD2E2), ('185004', 'comment', '2017-09-08 11:32:18.007', '1[]', '182512', '180001', 'AddComment', '', 0xCDACD2E2), ('185010', 'comment', '2017-09-08 11:32:46.712', '1[]', '185008', '180001', 'AddComment', '', 0xCDACD2E2), ('185016', 'comment', '2017-09-08 11:33:35.498', '1[]', '185014', '180001', 'AddComment', '', 0xCDACD2E2BFC9D2D4), ('187510', 'comment', '2017-09-08 14:59:13.405', '1[]', '187508', '187501', 'AddComment', ' ', 0xBFC9D2D420BAC3BAC3B8C9), ('187523', 'comment', '2017-09-08 15:15:28.964', '1[]', '187521', '187501', 'AddComment', '', 0xCDACD2E2A3BF), ('187526', 'comment', '2017-09-08 15:16:00.200', '1[]', '187518', '187501', 'AddComment', '', ''), ('187532', 'comment', '2017-09-08 15:17:02.789', '1[]', '187530', '187501', 'AddComment', '', 0xBFC9D2D4), ('187538', 'comment', '2017-09-08 15:18:42.263', '1[]', '187536', '187501', 'AddComment', '', ''), ('192502', 'event', '2017-09-09 10:22:03.125', null, '190008', null, 'AddUserLink', 'selectRows[0].name_|_assignee', null), ('192503', 'event', '2017-09-09 10:22:53.876', null, '190008', null, 'AddUserLink', 'selectRows[0].name_|_assignee', null), ('192504', 'event', '2017-09-09 10:23:09.372', null, '190008', null, 'AddUserLink', 'selectRows[0].name_|_assignee', null), ('192505', 'event', '2017-09-09 10:23:19.850', null, '190008', null, 'AddUserLink', 'selectRows[0].name_|_assignee', null), ('192507', 'event', '2017-09-09 10:24:09.727', null, '190008', null, 'AddUserLink', '1_|_assignee', null), ('202510', 'comment', '2017-09-13 10:35:05.818', '1[]', '202508', '202501', 'AddComment', '', ''), ('207501', 'comment', '2017-09-13 11:56:25.795', '1[]', '205008', '205001', 'AddComment', '', ''), ('212522', 'comment', '2017-09-14 09:17:29.187', '1[]', '212520', '212513', 'AddComment', '', ''), ('212535', 'comment', '2017-09-14 09:17:56.169', '1[]', '212530', '212513', 'AddComment', '', ''), ('212538', 'comment', '2017-09-14 09:18:24.617', '1[]', '212533', '212513', 'AddComment', '453453', 0x343533343533), ('212544', 'comment', '2017-09-14 09:20:32.436', '1[]', '212542', '212513', 'AddComment', '', ''), ('212553', 'comment', '2017-09-14 09:22:13.617', '1[]', '212551', '212513', 'AddComment', '01010', 0x3031303130), ('212558', 'comment', '2017-09-14 09:22:43.392', '1[]', '212556', '212513', 'AddComment', '', ''), ('212561', 'comment', '2017-09-14 09:27:38.411', '1[]', '210002', '202501', 'AddComment', '', '');
COMMIT;

-- ----------------------------
-- Table structure for act_hi_detail
-- ----------------------------
DROP TABLE IF EXISTS `act_hi_detail`;
CREATE TABLE `act_hi_detail` (
`ID_`  varchar(64) CHARACTER SET utf8 COLLATE utf8_bin NOT NULL ,
`TYPE_`  varchar(255) CHARACTER SET utf8 COLLATE utf8_bin NOT NULL ,
`PROC_INST_ID_`  varchar(64) CHARACTER SET utf8 COLLATE utf8_bin NULL DEFAULT NULL ,
`EXECUTION_ID_`  varchar(64) CHARACTER SET utf8 COLLATE utf8_bin NULL DEFAULT NULL ,
`TASK_ID_`  varchar(64) CHARACTER SET utf8 COLLATE utf8_bin NULL DEFAULT NULL ,
`ACT_INST_ID_`  varchar(64) CHARACTER SET utf8 COLLATE utf8_bin NULL DEFAULT NULL ,
`NAME_`  varchar(255) CHARACTER SET utf8 COLLATE utf8_bin NOT NULL ,
`VAR_TYPE_`  varchar(255) CHARACTER SET utf8 COLLATE utf8_bin NULL DEFAULT NULL ,
`REV_`  int(11) NULL DEFAULT NULL ,
`TIME_`  datetime(3) NOT NULL ,
`BYTEARRAY_ID_`  varchar(64) CHARACTER SET utf8 COLLATE utf8_bin NULL DEFAULT NULL ,
`DOUBLE_`  double NULL DEFAULT NULL ,
`LONG_`  bigint(20) NULL DEFAULT NULL ,
`TEXT_`  varchar(4000) CHARACTER SET utf8 COLLATE utf8_bin NULL DEFAULT NULL ,
`TEXT2_`  varchar(4000) CHARACTER SET utf8 COLLATE utf8_bin NULL DEFAULT NULL ,
PRIMARY KEY (`ID_`),
INDEX `ACT_IDX_HI_DETAIL_PROC_INST` (`PROC_INST_ID_`) USING BTREE ,
INDEX `ACT_IDX_HI_DETAIL_ACT_INST` (`ACT_INST_ID_`) USING BTREE ,
INDEX `ACT_IDX_HI_DETAIL_TIME` (`TIME_`) USING BTREE ,
INDEX `ACT_IDX_HI_DETAIL_NAME` (`NAME_`) USING BTREE ,
INDEX `ACT_IDX_HI_DETAIL_TASK_ID` (`TASK_ID_`) USING BTREE 
)
ENGINE=InnoDB
DEFAULT CHARACTER SET=utf8 COLLATE=utf8_bin

;

-- ----------------------------
-- Records of act_hi_detail
-- ----------------------------
BEGIN;
COMMIT;

-- ----------------------------
-- Table structure for act_hi_identitylink
-- ----------------------------
DROP TABLE IF EXISTS `act_hi_identitylink`;
CREATE TABLE `act_hi_identitylink` (
`ID_`  varchar(64) CHARACTER SET utf8 COLLATE utf8_bin NOT NULL ,
`GROUP_ID_`  varchar(255) CHARACTER SET utf8 COLLATE utf8_bin NULL DEFAULT NULL ,
`TYPE_`  varchar(255) CHARACTER SET utf8 COLLATE utf8_bin NULL DEFAULT NULL ,
`USER_ID_`  varchar(255) CHARACTER SET utf8 COLLATE utf8_bin NULL DEFAULT NULL ,
`TASK_ID_`  varchar(64) CHARACTER SET utf8 COLLATE utf8_bin NULL DEFAULT NULL ,
`PROC_INST_ID_`  varchar(64) CHARACTER SET utf8 COLLATE utf8_bin NULL DEFAULT NULL ,
PRIMARY KEY (`ID_`),
INDEX `ACT_IDX_HI_IDENT_LNK_USER` (`USER_ID_`) USING BTREE ,
INDEX `ACT_IDX_HI_IDENT_LNK_TASK` (`TASK_ID_`) USING BTREE ,
INDEX `ACT_IDX_HI_IDENT_LNK_PROCINST` (`PROC_INST_ID_`) USING BTREE 
)
ENGINE=InnoDB
DEFAULT CHARACTER SET=utf8 COLLATE=utf8_bin

;

-- ----------------------------
-- Records of act_hi_identitylink
-- ----------------------------
BEGIN;
INSERT INTO `act_hi_identitylink` VALUES ('170010', '', 'candidate', null, '170009', null), ('170013', '', 'candidate', null, '170012', null), ('172504', null, 'participant', 'admin[]', null, '170005'), ('172510', '', 'candidate', null, '172509', null), ('172513', '', 'candidate', null, '172512', null), ('172520', '', 'candidate', null, '172519', null), ('175002', null, 'participant', '1[]', null, '170005'), ('175006', '', 'candidate', null, '175005', null), ('177502', null, 'participant', '1[]', null, '170005'), ('180006', '', 'candidate', null, '180005', null), ('180009', '', 'candidate', null, '180008', null), ('182504', null, 'participant', '1[]', null, '180001'), ('182510', '', 'candidate', null, '182509', null), ('182513', '', 'candidate', null, '182512', null), ('185002', null, 'participant', '1[]', null, '180001'), ('185005', null, 'participant', '1[]', null, '180001'), ('185009', '', 'candidate', null, '185008', null), ('185011', null, 'participant', '1[]', null, '180001'), ('185015', '', 'candidate', null, '185014', null), ('185017', null, 'participant', '1[]', null, '180001'), ('187506', '', 'candidate', null, '187505', null), ('187509', '', 'candidate', null, '187508', null), ('187513', null, 'participant', '1[]', null, '187501'), ('187519', '', 'candidate', null, '187518', null), ('187522', '', 'candidate', null, '187521', null), ('187524', null, 'participant', '1[]', null, '187501'), ('187527', null, 'participant', '1[]', null, '187501'), ('187531', '', 'candidate', null, '187530', null), ('187533', null, 'participant', '1[]', null, '187501'), ('187537', '', 'candidate', null, '187536', null), ('187539', null, 'participant', '1[]', null, '187501'), ('190006', '', 'candidate', null, '190005', null), ('190009', '', 'candidate', null, '190008', null), ('192501', null, 'participant', 'selectRows[0].name', null, '190001'), ('192506', null, 'participant', '1', null, '190001'), ('195006', '', 'candidate', null, '195005', null), ('195009', '', 'candidate', null, '195008', null), ('200006', '', 'candidate', null, '200005', null), ('200009', '', 'candidate', null, '200008', null), ('202506', '', 'candidate', null, '202505', null), ('202509', '', 'candidate', null, '202508', null), ('202513', null, 'participant', '1[]', null, '202501'), ('202519', '', 'candidate', null, '202518', null), ('202522', '', 'candidate', null, '202521', null), ('205006', '', 'candidate', null, '205005', null), ('205009', '', 'candidate', null, '205008', null), ('207504', null, 'participant', '1[]', null, '205001'), ('210003', '', 'candidate', null, '210002', null), ('212506', '', 'candidate', null, '212505', null), ('212509', '', 'candidate', null, '212508', null), ('212512', '', 'candidate', null, '212511', null), ('212518', '', 'candidate', null, '212517', null), ('212521', '', 'candidate', null, '212520', null), ('212525', null, 'participant', '1[]', null, '212513'), ('212531', '', 'candidate', null, '212530', null), ('212534', '', 'candidate', null, '212533', null), ('212536', null, 'participant', '1[]', null, '212513'), ('212539', null, 'participant', '1[]', null, '212513'), ('212543', '', 'candidate', null, '212542', null), ('212545', null, 'participant', '1[]', null, '212513'), ('212549', '', 'candidate', null, '212548', null), ('212552', '', 'candidate', null, '212551', null), ('212557', '', 'candidate', null, '212556', null), ('212559', null, 'participant', '1[]', null, '212513'), ('212566', '', 'candidate', null, '212565', null), ('212569', '', 'candidate', null, '212568', null), ('217596', null, 'participant', '1', null, '217580'), ('217601', null, 'participant', '2', null, '217580'), ('217606', null, 'participant', '1', null, '217580'), ('222506', '', 'candidate', null, '222505', null), ('222509', '', 'candidate', null, '222508', null), ('222520', '', 'candidate', null, '222519', null), ('222523', '', 'candidate', null, '222522', null), ('225007', null, 'participant', 'f0cb2ea5d7e64774ad0a1cb988b7942d', null, '225001'), ('225010', null, 'candidate', '09f6995114604f14a20ca511ef886661', '225009', null), ('225011', null, 'participant', '09f6995114604f14a20ca511ef886661', null, '225001');
COMMIT;

-- ----------------------------
-- Table structure for act_hi_procinst
-- ----------------------------
DROP TABLE IF EXISTS `act_hi_procinst`;
CREATE TABLE `act_hi_procinst` (
`ID_`  varchar(64) CHARACTER SET utf8 COLLATE utf8_bin NOT NULL ,
`PROC_INST_ID_`  varchar(64) CHARACTER SET utf8 COLLATE utf8_bin NOT NULL ,
`BUSINESS_KEY_`  varchar(255) CHARACTER SET utf8 COLLATE utf8_bin NULL DEFAULT NULL ,
`PROC_DEF_ID_`  varchar(64) CHARACTER SET utf8 COLLATE utf8_bin NOT NULL ,
`START_TIME_`  datetime(3) NOT NULL ,
`END_TIME_`  datetime(3) NULL DEFAULT NULL ,
`DURATION_`  bigint(20) NULL DEFAULT NULL ,
`START_USER_ID_`  varchar(255) CHARACTER SET utf8 COLLATE utf8_bin NULL DEFAULT NULL ,
`START_ACT_ID_`  varchar(255) CHARACTER SET utf8 COLLATE utf8_bin NULL DEFAULT NULL ,
`END_ACT_ID_`  varchar(255) CHARACTER SET utf8 COLLATE utf8_bin NULL DEFAULT NULL ,
`SUPER_PROCESS_INSTANCE_ID_`  varchar(64) CHARACTER SET utf8 COLLATE utf8_bin NULL DEFAULT NULL ,
`DELETE_REASON_`  varchar(4000) CHARACTER SET utf8 COLLATE utf8_bin NULL DEFAULT NULL ,
`TENANT_ID_`  varchar(255) CHARACTER SET utf8 COLLATE utf8_bin NULL DEFAULT '' ,
`NAME_`  varchar(255) CHARACTER SET utf8 COLLATE utf8_bin NULL DEFAULT NULL ,
PRIMARY KEY (`ID_`),
UNIQUE INDEX `PROC_INST_ID_` (`PROC_INST_ID_`) USING BTREE ,
INDEX `ACT_IDX_HI_PRO_INST_END` (`END_TIME_`) USING BTREE ,
INDEX `ACT_IDX_HI_PRO_I_BUSKEY` (`BUSINESS_KEY_`) USING BTREE 
)
ENGINE=InnoDB
DEFAULT CHARACTER SET=utf8 COLLATE=utf8_bin

;

-- ----------------------------
-- Records of act_hi_procinst
-- ----------------------------
BEGIN;
INSERT INTO `act_hi_procinst` VALUES ('170005', '170005', 'e3b67bf2b27a4d19ac461e05d3201172', 'activitiemployeeProcess:1:170004', '2017-09-06 11:22:57.132', '2017-09-07 09:43:43.984', '80446852', null, 'startevent2', 'endevent2', null, null, '', null), ('180001', '180001', 'b6fa76d307b54065a41e31aef2490cc6', 'activitiemployeeProcess:1:170004', '2017-09-07 10:09:15.092', '2017-09-08 11:33:35.621', '91460529', null, 'startevent2', 'endevent2', null, null, '', null), ('187501', '187501', '38a2a8605acd4b288e8810099e92ba3c', 'activitiemployeeProcess:1:170004', '2017-09-08 14:53:05.062', '2017-09-08 15:18:42.406', '1537344', null, 'startevent2', 'endevent2', null, null, '', null), ('190001', '190001', '1e6c61c4eca7411f83cba53077f768c3', 'activitiemployeeProcess:1:170004', '2017-09-09 09:58:45.252', '2017-09-13 09:07:04.468', '342499216', null, 'startevent2', 'endevent2', null, null, '', null), ('195001', '195001', 'b1c26570927942e5b5952d8d1aa6e2dd', 'activitiemployeeProcess:1:170004', '2017-09-09 10:33:35.541', null, null, null, 'startevent2', null, null, null, '', null), ('200001', '200001', '9e058e96657044f49b313abe9d58667f', 'activitiemployeeProcess:1:170004', '2017-09-13 09:31:42.876', null, null, null, 'startevent2', null, null, null, '', null), ('202501', '202501', '822045f242ff4a5f9d22b903c1d80665', 'activitiemployeeProcess:1:170004', '2017-09-13 10:24:01.454', null, null, null, 'startevent2', null, null, null, '', null), ('205001', '205001', 'c6d072963a774d759b75b8a19e6695f9', 'activitiemployeeProcess:1:170004', '2017-09-13 11:35:21.794', '2017-09-13 11:56:27.387', '1265593', null, 'startevent2', 'endevent2', null, null, '', null), ('212501', '212501', '699a602ff2fd451499721839207da467', 'activitiemployeeProcess:1:170004', '2017-09-14 09:04:47.484', null, null, null, 'startevent2', null, null, null, '', null), ('212513', '212513', '416e3986e4bd4026b3fe781d18c8c1e8', 'activitiemployeeProcess:1:170004', '2017-09-14 09:16:49.657', '2017-09-14 09:22:43.632', '353975', null, 'startevent2', 'endevent2', null, null, '', null), ('217580', '217580', null, 'hqProcess:1:217579', '2017-09-19 17:20:50.224', null, null, null, 'startevent1', null, null, null, '', null), ('222501', '222501', 'a2c7aa617cf44b74932625dd3b38b933', 'activitiemployeeProcess:1:170004', '2017-09-21 09:24:02.818', null, null, null, 'startevent2', null, null, null, '', null), ('222514', '222514', '1e18ceee66084174a8a8c92afa332578', 'activitiemployeeProcess:1:170004', '2017-09-21 09:25:04.651', null, null, null, 'startevent2', null, null, null, '', null), ('225001', '225001', 'a54b84f8c949405d9e0530e48755983a', 'importProcess:1:222513', '2017-09-21 09:27:26.826', null, null, null, 'startevent1', null, null, null, '', null);
COMMIT;

-- ----------------------------
-- Table structure for act_hi_taskinst
-- ----------------------------
DROP TABLE IF EXISTS `act_hi_taskinst`;
CREATE TABLE `act_hi_taskinst` (
`ID_`  varchar(64) CHARACTER SET utf8 COLLATE utf8_bin NOT NULL ,
`PROC_DEF_ID_`  varchar(64) CHARACTER SET utf8 COLLATE utf8_bin NULL DEFAULT NULL ,
`TASK_DEF_KEY_`  varchar(255) CHARACTER SET utf8 COLLATE utf8_bin NULL DEFAULT NULL ,
`PROC_INST_ID_`  varchar(64) CHARACTER SET utf8 COLLATE utf8_bin NULL DEFAULT NULL ,
`EXECUTION_ID_`  varchar(64) CHARACTER SET utf8 COLLATE utf8_bin NULL DEFAULT NULL ,
`NAME_`  varchar(255) CHARACTER SET utf8 COLLATE utf8_bin NULL DEFAULT NULL ,
`PARENT_TASK_ID_`  varchar(64) CHARACTER SET utf8 COLLATE utf8_bin NULL DEFAULT NULL ,
`DESCRIPTION_`  varchar(4000) CHARACTER SET utf8 COLLATE utf8_bin NULL DEFAULT NULL ,
`OWNER_`  varchar(255) CHARACTER SET utf8 COLLATE utf8_bin NULL DEFAULT NULL ,
`ASSIGNEE_`  varchar(255) CHARACTER SET utf8 COLLATE utf8_bin NULL DEFAULT NULL ,
`START_TIME_`  datetime(3) NOT NULL ,
`CLAIM_TIME_`  datetime(3) NULL DEFAULT NULL ,
`END_TIME_`  datetime(3) NULL DEFAULT NULL ,
`DURATION_`  bigint(20) NULL DEFAULT NULL ,
`DELETE_REASON_`  varchar(4000) CHARACTER SET utf8 COLLATE utf8_bin NULL DEFAULT NULL ,
`PRIORITY_`  int(11) NULL DEFAULT NULL ,
`DUE_DATE_`  datetime(3) NULL DEFAULT NULL ,
`FORM_KEY_`  varchar(255) CHARACTER SET utf8 COLLATE utf8_bin NULL DEFAULT NULL ,
`CATEGORY_`  varchar(255) CHARACTER SET utf8 COLLATE utf8_bin NULL DEFAULT NULL ,
`TENANT_ID_`  varchar(255) CHARACTER SET utf8 COLLATE utf8_bin NULL DEFAULT '' ,
PRIMARY KEY (`ID_`),
INDEX `ACT_IDX_HI_TASK_INST_PROCINST` (`PROC_INST_ID_`) USING BTREE 
)
ENGINE=InnoDB
DEFAULT CHARACTER SET=utf8 COLLATE=utf8_bin

;

-- ----------------------------
-- Records of act_hi_taskinst
-- ----------------------------
BEGIN;
INSERT INTO `act_hi_taskinst` VALUES ('170009', 'activitiemployeeProcess:1:170004', 'usertask6', '170005', '170005', '', null, null, null, null, '2017-09-06 11:22:57.179', null, '2017-09-06 11:22:57.623', '444', 'completed', '50', null, null, null, ''), ('170012', 'activitiemployeeProcess:1:170004', 'usertask7', '170005', '170005', '', null, null, null, null, '2017-09-06 11:22:57.629', null, '2017-09-06 15:54:25.208', '16287579', 'completed', '50', null, '/pages/leave/leavesp.jsp', null, ''), ('172509', 'activitiemployeeProcess:1:170004', 'usertask8', '170005', '172506', '', null, null, null, null, '2017-09-06 15:54:25.369', null, '2017-09-06 15:56:33.744', '128375', 'completed', '50', null, '/pages/leave/leavesp.jsp', null, ''), ('172512', 'activitiemployeeProcess:1:170004', 'usertask9', '170005', '172507', '', null, null, null, null, '2017-09-06 15:54:25.373', null, '2017-09-06 15:56:57.743', '152370', 'completed', '50', null, '/pages/leave/leavesp.jsp', null, ''), ('172519', 'activitiemployeeProcess:1:170004', 'usertask10', '170005', '170005', '', null, null, null, null, '2017-09-06 15:56:57.875', null, '2017-09-07 09:31:26.107', '63268232', 'completed', '50', null, '/pages/leave/leavesp.jsp', null, ''), ('175005', 'activitiemployeeProcess:1:170004', 'usertask12', '170005', '170005', '', null, null, null, null, '2017-09-07 09:31:26.294', null, '2017-09-07 09:43:43.901', '737607', 'completed', '50', null, '/pages/leave/leavesp.jsp', null, ''), ('180005', 'activitiemployeeProcess:1:170004', 'usertask6', '180001', '180001', '', null, null, null, null, '2017-09-07 10:09:15.299', null, '2017-09-07 10:09:16.130', '831', 'completed', '50', null, null, null, ''), ('180008', 'activitiemployeeProcess:1:170004', 'usertask7', '180001', '180001', '', null, null, null, null, '2017-09-07 10:09:16.139', null, '2017-09-07 10:38:03.687', '1727548', 'completed', '50', null, '/pages/leave/leavesp.jsp', null, ''), ('182509', 'activitiemployeeProcess:1:170004', 'usertask8', '180001', '182506', '', null, null, null, null, '2017-09-07 10:38:03.737', null, '2017-09-08 11:31:46.645', '89622908', 'completed', '50', null, '/pages/leave/leavesp.jsp', null, ''), ('182512', 'activitiemployeeProcess:1:170004', 'usertask9', '180001', '182507', '', null, null, null, null, '2017-09-07 10:38:03.741', null, '2017-09-08 11:32:18.181', '89654440', 'completed', '50', null, '/pages/leave/leavesp.jsp', null, ''), ('185008', 'activitiemployeeProcess:1:170004', 'usertask10', '180001', '180001', '', null, null, null, null, '2017-09-08 11:32:18.261', null, '2017-09-08 11:32:46.787', '28526', 'completed', '50', null, '/pages/leave/leavesp.jsp', null, ''), ('185014', 'activitiemployeeProcess:1:170004', 'usertask11', '180001', '180001', '', null, null, null, null, '2017-09-08 11:32:46.842', null, '2017-09-08 11:33:35.612', '48770', 'completed', '50', null, '/pages/leave/leavesp.jsp', null, ''), ('187505', 'activitiemployeeProcess:1:170004', 'usertask6', '187501', '187501', '', null, null, null, null, '2017-09-08 14:53:05.201', null, '2017-09-08 14:53:05.630', '429', 'completed', '50', null, null, null, ''), ('187508', 'activitiemployeeProcess:1:170004', 'usertask7', '187501', '187501', '', null, null, null, null, '2017-09-08 14:53:05.685', null, '2017-09-08 14:59:13.499', '367814', 'completed', '50', null, '/pages/leave/leavesp.jsp', null, ''), ('187518', 'activitiemployeeProcess:1:170004', 'usertask8', '187501', '187515', '', null, null, null, null, '2017-09-08 14:59:13.637', null, '2017-09-08 15:16:00.358', '1006721', 'completed', '50', null, '/pages/leave/leavesp.jsp', null, ''), ('187521', 'activitiemployeeProcess:1:170004', 'usertask9', '187501', '187516', '', null, null, null, null, '2017-09-08 14:59:13.643', null, '2017-09-08 15:15:29.185', '975542', 'completed', '50', null, '/pages/leave/leavesp.jsp', null, ''), ('187530', 'activitiemployeeProcess:1:170004', 'usertask10', '187501', '187501', '', null, null, null, null, '2017-09-08 15:16:00.430', null, '2017-09-08 15:17:02.869', '62439', 'completed', '50', null, '/pages/leave/leavesp.jsp', null, ''), ('187536', 'activitiemployeeProcess:1:170004', 'usertask11', '187501', '187501', '', null, null, null, null, '2017-09-08 15:17:02.875', null, '2017-09-08 15:18:42.381', '99506', 'completed', '50', null, '/pages/leave/leavesp.jsp', null, ''), ('190005', 'activitiemployeeProcess:1:170004', 'usertask6', '190001', '190001', '', null, null, null, null, '2017-09-09 09:58:45.447', null, '2017-09-09 09:58:46.057', '610', 'completed', '50', null, null, null, ''), ('190008', 'activitiemployeeProcess:1:170004', 'usertask7', '190001', '190001', '', null, null, null, '1', '2017-09-09 09:58:46.084', null, '2017-09-13 09:07:03.738', '342497654', 'completed', '50', null, '/pages/leave/leavesp.jsp', null, ''), ('195005', 'activitiemployeeProcess:1:170004', 'usertask6', '195001', '195001', '', null, null, null, null, '2017-09-09 10:33:35.635', null, '2017-09-09 10:33:36.368', '733', 'completed', '50', null, null, null, ''), ('195008', 'activitiemployeeProcess:1:170004', 'usertask7', '195001', '195001', '', null, null, null, null, '2017-09-09 10:33:36.398', null, null, null, null, '50', null, '/pages/leave/leavesp.jsp', null, ''), ('200005', 'activitiemployeeProcess:1:170004', 'usertask6', '200001', '200001', '', null, null, null, null, '2017-09-13 09:31:43.070', null, '2017-09-13 09:31:43.933', '863', 'completed', '50', null, null, null, ''), ('200008', 'activitiemployeeProcess:1:170004', 'usertask7', '200001', '200001', '', null, null, null, null, '2017-09-13 09:31:43.962', null, null, null, null, '50', null, '/pages/leave/leavesp.jsp', null, ''), ('202505', 'activitiemployeeProcess:1:170004', 'usertask6', '202501', '202501', '', null, null, null, null, '2017-09-13 10:24:02.235', null, '2017-09-13 10:24:05.243', '3008', 'completed', '50', null, null, null, ''), ('202508', 'activitiemployeeProcess:1:170004', 'usertask7', '202501', '202501', '', null, null, null, null, '2017-09-13 10:24:05.481', null, '2017-09-13 10:35:07.245', '661764', 'completed', '50', null, '/pages/leave/leavesp.jsp', null, ''), ('202518', 'activitiemployeeProcess:1:170004', 'usertask8', '202501', '202515', '', null, null, null, null, '2017-09-13 10:35:07.585', null, '2017-09-13 17:54:09.212', '26341627', 'completed', '50', null, '/pages/leave/leavesp.jsp', null, ''), ('202521', 'activitiemployeeProcess:1:170004', 'usertask9', '202501', '202516', '', null, null, null, null, '2017-09-13 10:35:07.593', null, null, null, null, '50', null, '/pages/leave/leavesp.jsp', null, ''), ('205005', 'activitiemployeeProcess:1:170004', 'usertask6', '205001', '205001', '', null, null, null, null, '2017-09-13 11:35:22.105', null, '2017-09-13 11:35:25.000', '2895', 'completed', '50', null, null, null, ''), ('205008', 'activitiemployeeProcess:1:170004', 'usertask7', '205001', '205001', '', null, null, null, null, '2017-09-13 11:35:25.300', null, '2017-09-13 11:56:26.690', '1261390', 'completed', '50', null, '/pages/leave/leavesp.jsp', null, ''), ('210002', 'activitiemployeeProcess:1:170004', 'usertask7', '202501', '202515', '', null, null, null, null, '2017-09-13 17:54:10.837', null, '2017-09-14 09:27:38.524', '56007687', 'completed', '50', null, '/pages/leave/leavesp.jsp', null, ''), ('212505', 'activitiemployeeProcess:1:170004', 'usertask6', '212501', '212501', '', null, null, null, null, '2017-09-14 09:04:47.846', null, '2017-09-14 09:04:49.953', '2107', 'completed', '50', null, null, null, ''), ('212508', 'activitiemployeeProcess:1:170004', 'usertask7', '212501', '212501', '', null, null, null, null, '2017-09-14 09:04:50.335', null, '2017-09-14 09:14:56.929', '606594', 'completed', '50', null, '/pages/leave/leavesp.jsp', null, ''), ('212511', 'activitiemployeeProcess:1:170004', 'usertask6', '212501', '212501', '', null, null, null, null, '2017-09-14 09:14:56.956', null, null, null, null, '50', null, null, null, ''), ('212517', 'activitiemployeeProcess:1:170004', 'usertask6', '212513', '212513', '', null, null, null, null, '2017-09-14 09:16:49.662', null, '2017-09-14 09:16:49.740', '78', 'completed', '50', null, null, null, ''), ('212520', 'activitiemployeeProcess:1:170004', 'usertask7', '212513', '212513', '', null, null, null, null, '2017-09-14 09:16:49.747', null, '2017-09-14 09:17:29.340', '39593', 'completed', '50', null, '/pages/leave/leavesp.jsp', null, ''), ('212530', 'activitiemployeeProcess:1:170004', 'usertask8', '212513', '212527', '', null, null, null, null, '2017-09-14 09:17:29.396', null, '2017-09-14 09:17:56.277', '26881', 'completed', '50', null, '/pages/leave/leavesp.jsp', null, ''), ('212533', 'activitiemployeeProcess:1:170004', 'usertask9', '212513', '212528', '', null, null, null, null, '2017-09-14 09:17:29.401', null, '2017-09-14 09:18:24.701', '55300', 'completed', '50', null, '/pages/leave/leavesp.jsp', null, ''), ('212542', 'activitiemployeeProcess:1:170004', 'usertask10', '212513', '212513', '', null, null, null, null, '2017-09-14 09:18:24.794', null, '2017-09-14 09:20:32.576', '127782', 'completed', '50', null, '/pages/leave/leavesp.jsp', null, ''), ('212548', 'activitiemployeeProcess:1:170004', 'usertask12', '212513', '212513', '', null, null, null, null, '2017-09-14 09:20:32.582', null, '2017-09-14 09:21:24.944', '52362', 'completed', '50', null, '/pages/leave/leavesp.jsp', null, ''), ('212551', 'activitiemployeeProcess:1:170004', 'usertask10', '212513', '212513', '', null, null, null, null, '2017-09-14 09:21:24.948', null, '2017-09-14 09:22:13.679', '48731', 'completed', '50', null, '/pages/leave/leavesp.jsp', null, ''), ('212556', 'activitiemployeeProcess:1:170004', 'usertask12', '212513', '212513', '', null, null, null, null, '2017-09-14 09:22:13.684', null, '2017-09-14 09:22:43.623', '29939', 'completed', '50', null, '/pages/leave/leavesp.jsp', null, ''), ('212565', 'activitiemployeeProcess:1:170004', 'usertask8', '202501', '202515', '', null, null, null, null, '2017-09-14 09:27:38.538', null, null, null, null, '50', null, '/pages/leave/leavesp.jsp', null, ''), ('212568', 'activitiemployeeProcess:1:170004', 'usertask9', '202501', '212563', '', null, null, null, null, '2017-09-14 09:27:38.542', null, null, null, null, '50', null, '/pages/leave/leavesp.jsp', null, ''), ('217595', 'hqProcess:1:217579', 'usertask1', '217580', '217590', '', null, null, null, '1', '2017-09-19 17:20:50.232', null, null, null, null, '50', null, '/pages/leave/huiqian.jsp', null, ''), ('217600', 'hqProcess:1:217579', 'usertask1', '217580', '217591', '', null, null, null, '2', '2017-09-19 17:20:50.239', null, null, null, null, '50', null, '/pages/leave/huiqian.jsp', null, ''), ('217605', 'hqProcess:1:217579', 'usertask1', '217580', '217592', '', null, null, null, '1', '2017-09-19 17:20:50.243', null, null, null, null, '50', null, '/pages/leave/huiqian.jsp', null, ''), ('222505', 'activitiemployeeProcess:1:170004', 'usertask6', '222501', '222501', '', null, null, null, null, '2017-09-21 09:24:02.859', null, '2017-09-21 09:24:02.986', '127', 'completed', '50', null, null, null, ''), ('222508', 'activitiemployeeProcess:1:170004', 'usertask7', '222501', '222501', '', null, null, null, null, '2017-09-21 09:24:02.995', null, null, null, null, '50', null, '/pages/leave/leavesp.jsp', null, ''), ('222519', 'activitiemployeeProcess:1:170004', 'usertask6', '222514', '222514', '', null, null, null, null, '2017-09-21 09:25:04.654', null, '2017-09-21 09:25:04.702', '48', 'completed', '50', null, null, null, ''), ('222522', 'activitiemployeeProcess:1:170004', 'usertask7', '222514', '222514', '', null, null, null, null, '2017-09-21 09:25:04.710', null, null, null, null, '50', null, '/pages/leave/leavesp.jsp', null, ''), ('225006', 'importProcess:1:222513', 'usertask1', '225001', '225001', '', null, null, null, 'f0cb2ea5d7e64774ad0a1cb988b7942d', '2017-09-21 09:27:26.859', null, '2017-09-21 09:27:26.984', '125', 'completed', '50', null, '/pages/leave/reg.jsp', null, ''), ('225009', 'importProcess:1:222513', 'usertask2', '225001', '225001', '', null, null, null, null, '2017-09-21 09:27:26.994', null, null, null, null, '50', null, '/pages/leave/reg.jsp', null, '');
COMMIT;

-- ----------------------------
-- Table structure for act_hi_varinst
-- ----------------------------
DROP TABLE IF EXISTS `act_hi_varinst`;
CREATE TABLE `act_hi_varinst` (
`ID_`  varchar(64) CHARACTER SET utf8 COLLATE utf8_bin NOT NULL ,
`PROC_INST_ID_`  varchar(64) CHARACTER SET utf8 COLLATE utf8_bin NULL DEFAULT NULL ,
`EXECUTION_ID_`  varchar(64) CHARACTER SET utf8 COLLATE utf8_bin NULL DEFAULT NULL ,
`TASK_ID_`  varchar(64) CHARACTER SET utf8 COLLATE utf8_bin NULL DEFAULT NULL ,
`NAME_`  varchar(255) CHARACTER SET utf8 COLLATE utf8_bin NOT NULL ,
`VAR_TYPE_`  varchar(100) CHARACTER SET utf8 COLLATE utf8_bin NULL DEFAULT NULL ,
`REV_`  int(11) NULL DEFAULT NULL ,
`BYTEARRAY_ID_`  varchar(64) CHARACTER SET utf8 COLLATE utf8_bin NULL DEFAULT NULL ,
`DOUBLE_`  double NULL DEFAULT NULL ,
`LONG_`  bigint(20) NULL DEFAULT NULL ,
`TEXT_`  varchar(4000) CHARACTER SET utf8 COLLATE utf8_bin NULL DEFAULT NULL ,
`TEXT2_`  varchar(4000) CHARACTER SET utf8 COLLATE utf8_bin NULL DEFAULT NULL ,
`CREATE_TIME_`  datetime(3) NULL DEFAULT NULL ,
`LAST_UPDATED_TIME_`  datetime(3) NULL DEFAULT NULL ,
PRIMARY KEY (`ID_`),
INDEX `ACT_IDX_HI_PROCVAR_PROC_INST` (`PROC_INST_ID_`) USING BTREE ,
INDEX `ACT_IDX_HI_PROCVAR_NAME_TYPE` (`NAME_`, `VAR_TYPE_`) USING BTREE ,
INDEX `ACT_IDX_HI_PROCVAR_TASK_ID` (`TASK_ID_`) USING BTREE 
)
ENGINE=InnoDB
DEFAULT CHARACTER SET=utf8 COLLATE=utf8_bin

;

-- ----------------------------
-- Records of act_hi_varinst
-- ----------------------------
BEGIN;
INSERT INTO `act_hi_varinst` VALUES ('170007', '170005', '170005', null, 'leaveId', 'string', '1', null, null, null, 'e3b67bf2b27a4d19ac461e05d3201172', null, '2017-09-06 11:22:57.133', '2017-09-07 09:43:43.988'), ('172502', '170005', '170005', null, 'dasy', 'string', '4', null, null, null, '545', null, '2017-09-06 15:54:25.189', '2017-09-07 09:43:43.988'), ('172503', '170005', '170005', null, 'msg', 'string', '4', null, null, null, '', null, '2017-09-06 15:54:25.196', '2017-09-07 09:43:43.988'), ('180003', '180001', '180001', null, 'leaveId', 'string', '1', null, null, null, 'b6fa76d307b54065a41e31aef2490cc6', null, '2017-09-07 10:09:15.093', '2017-09-08 11:33:35.623'), ('182502', '180001', '180001', null, 'dasy', 'string', '4', null, null, null, '2', null, '2017-09-07 10:38:03.674', '2017-09-08 11:33:35.623'), ('182503', '180001', '180001', null, 'msg', 'string', '4', null, null, null, '', null, '2017-09-07 10:38:03.675', '2017-09-08 11:33:35.623'), ('187503', '187501', '187501', null, 'leaveId', 'string', '1', null, null, null, '38a2a8605acd4b288e8810099e92ba3c', null, '2017-09-08 14:53:05.063', '2017-09-08 15:18:42.409'), ('187511', '187501', '187501', null, 'dasy', 'string', '4', null, null, null, '3', null, '2017-09-08 14:59:13.491', '2017-09-08 15:18:42.409'), ('187512', '187501', '187501', null, 'msg', 'string', '4', null, null, null, '', null, '2017-09-08 14:59:13.491', '2017-09-08 15:18:42.409'), ('190003', '190001', '190001', null, 'leaveId', 'string', '1', null, null, null, '1e6c61c4eca7411f83cba53077f768c3', null, '2017-09-09 09:58:45.253', '2017-09-13 09:07:04.572'), ('195003', '195001', '195001', null, 'leaveId', 'string', '0', null, null, null, 'b1c26570927942e5b5952d8d1aa6e2dd', null, '2017-09-09 10:33:35.542', '2017-09-09 10:33:35.542'), ('200003', '200001', '200001', null, 'leaveId', 'string', '0', null, null, null, '9e058e96657044f49b313abe9d58667f', null, '2017-09-13 09:31:42.877', '2017-09-13 09:31:42.877'), ('202503', '202501', '202501', null, 'leaveId', 'string', '0', null, null, null, '822045f242ff4a5f9d22b903c1d80665', null, '2017-09-13 10:24:01.499', '2017-09-13 10:24:01.499'), ('202511', '202501', '202501', null, 'dasy', 'string', '1', null, null, null, '8', null, '2017-09-13 10:35:07.229', '2017-09-14 09:27:38.513'), ('202512', '202501', '202501', null, 'msg', 'string', '1', null, null, null, '', null, '2017-09-13 10:35:07.229', '2017-09-14 09:27:38.516'), ('205003', '205001', '205001', null, 'leaveId', 'string', '1', null, null, null, 'c6d072963a774d759b75b8a19e6695f9', null, '2017-09-13 11:35:21.796', '2017-09-13 11:56:27.449'), ('207502', '205001', '205001', null, 'dasy', 'string', '0', null, null, null, '2', null, '2017-09-13 11:56:26.489', '2017-09-13 11:56:27.449'), ('207503', '205001', '205001', null, 'msg', 'string', '0', null, null, null, '', null, '2017-09-13 11:56:26.499', '2017-09-13 11:56:27.449'), ('212503', '212501', '212501', null, 'leaveId', 'string', '0', null, null, null, '699a602ff2fd451499721839207da467', null, '2017-09-14 09:04:47.488', '2017-09-14 09:04:47.488'), ('212515', '212513', '212513', null, 'leaveId', 'string', '1', null, null, null, '416e3986e4bd4026b3fe781d18c8c1e8', null, '2017-09-14 09:16:49.657', '2017-09-14 09:22:43.634'), ('212523', '212513', '212513', null, 'dasy', 'string', '5', null, null, null, '53425', null, '2017-09-14 09:17:29.325', '2017-09-14 09:22:43.634'), ('212524', '212513', '212513', null, 'msg', 'string', '5', null, null, null, '', null, '2017-09-14 09:17:29.326', '2017-09-14 09:22:43.634'), ('217583', '217580', '217580', null, 'assigneeList', 'serializable', '0', '217584', null, null, null, null, '2017-09-19 17:20:50.226', '2017-09-19 17:20:50.226'), ('217587', '217580', '217585', null, 'nrOfInstances', 'integer', '0', null, null, '3', '3', null, '2017-09-19 17:20:50.229', '2017-09-19 17:20:50.229'), ('217588', '217580', '217585', null, 'nrOfCompletedInstances', 'integer', '0', null, null, '0', '0', null, '2017-09-19 17:20:50.229', '2017-09-19 17:20:50.229'), ('217589', '217580', '217585', null, 'nrOfActiveInstances', 'integer', '0', null, null, '3', '3', null, '2017-09-19 17:20:50.229', '2017-09-19 17:20:50.229'), ('217593', '217580', '217590', null, 'loopCounter', 'integer', '0', null, null, '0', '0', null, '2017-09-19 17:20:50.230', '2017-09-19 17:20:50.230'), ('217594', '217580', '217590', null, 'assignee', 'string', '0', null, null, null, '1', null, '2017-09-19 17:20:50.230', '2017-09-19 17:20:50.230'), ('217597', '217580', '217591', null, 'loopCounter', 'integer', '0', null, null, '1', '1', null, '2017-09-19 17:20:50.237', '2017-09-19 17:20:50.237'), ('217598', '217580', '217591', null, 'assignee', 'string', '0', null, null, null, '2', null, '2017-09-19 17:20:50.237', '2017-09-19 17:20:50.237'), ('217602', '217580', '217592', null, 'loopCounter', 'integer', '0', null, null, '2', '2', null, '2017-09-19 17:20:50.241', '2017-09-19 17:20:50.241'), ('217603', '217580', '217592', null, 'assignee', 'string', '0', null, null, null, '1', null, '2017-09-19 17:20:50.241', '2017-09-19 17:20:50.241'), ('222503', '222501', '222501', null, 'leaveId', 'string', '0', null, null, null, 'a2c7aa617cf44b74932625dd3b38b933', null, '2017-09-21 09:24:02.818', '2017-09-21 09:24:02.818'), ('222516', '222514', '222514', null, 'inputuser', 'string', '0', null, null, null, 'f0cb2ea5d7e64774ad0a1cb988b7942d', null, '2017-09-21 09:25:04.651', '2017-09-21 09:25:04.651'), ('222517', '222514', '222514', null, 'bumenjingli', 'string', '0', null, null, null, '09f6995114604f14a20ca511ef886661', null, '2017-09-21 09:25:04.651', '2017-09-21 09:25:04.651'), ('225003', '225001', '225001', null, 'inputuser', 'string', '0', null, null, null, 'f0cb2ea5d7e64774ad0a1cb988b7942d', null, '2017-09-21 09:27:26.826', '2017-09-21 09:27:26.826'), ('225004', '225001', '225001', null, 'bumenjingli', 'string', '0', null, null, null, '09f6995114604f14a20ca511ef886661', null, '2017-09-21 09:27:26.828', '2017-09-21 09:27:26.828');
COMMIT;

-- ----------------------------
-- Table structure for act_id_group
-- ----------------------------
DROP TABLE IF EXISTS `act_id_group`;
CREATE TABLE `act_id_group` (
`ID_`  varchar(64) CHARACTER SET utf8 COLLATE utf8_bin NOT NULL ,
`REV_`  int(11) NULL DEFAULT NULL ,
`NAME_`  varchar(255) CHARACTER SET utf8 COLLATE utf8_bin NULL DEFAULT NULL ,
`TYPE_`  varchar(255) CHARACTER SET utf8 COLLATE utf8_bin NULL DEFAULT NULL ,
PRIMARY KEY (`ID_`)
)
ENGINE=InnoDB
DEFAULT CHARACTER SET=utf8 COLLATE=utf8_bin

;

-- ----------------------------
-- Records of act_id_group
-- ----------------------------
BEGIN;
INSERT INTO `act_id_group` VALUES ('3a516bd8655f4dfea309d569cebed87b', '1', '99889', null), ('', '1', null, null), ('', '1', null, null), ('', '1', null, null), ('', '1', null, null), ('', '1', null, null), ('', '1', null, null), ('', '1', null, null);
COMMIT;

-- ----------------------------
-- Table structure for act_id_info
-- ----------------------------
DROP TABLE IF EXISTS `act_id_info`;
CREATE TABLE `act_id_info` (
`ID_`  varchar(64) CHARACTER SET utf8 COLLATE utf8_bin NOT NULL ,
`REV_`  int(11) NULL DEFAULT NULL ,
`USER_ID_`  varchar(64) CHARACTER SET utf8 COLLATE utf8_bin NULL DEFAULT NULL ,
`TYPE_`  varchar(64) CHARACTER SET utf8 COLLATE utf8_bin NULL DEFAULT NULL ,
`KEY_`  varchar(255) CHARACTER SET utf8 COLLATE utf8_bin NULL DEFAULT NULL ,
`VALUE_`  varchar(255) CHARACTER SET utf8 COLLATE utf8_bin NULL DEFAULT NULL ,
`PASSWORD_`  longblob NULL ,
`PARENT_ID_`  varchar(255) CHARACTER SET utf8 COLLATE utf8_bin NULL DEFAULT NULL ,
PRIMARY KEY (`ID_`)
)
ENGINE=InnoDB
DEFAULT CHARACTER SET=utf8 COLLATE=utf8_bin

;

-- ----------------------------
-- Records of act_id_info
-- ----------------------------
BEGIN;
COMMIT;

-- ----------------------------
-- Table structure for act_id_membership
-- ----------------------------
DROP TABLE IF EXISTS `act_id_membership`;
CREATE TABLE `act_id_membership` (
`USER_ID_`  varchar(64) CHARACTER SET utf8 COLLATE utf8_bin NOT NULL ,
`GROUP_ID_`  varchar(64) CHARACTER SET utf8 COLLATE utf8_bin NOT NULL ,
PRIMARY KEY (`USER_ID_`, `GROUP_ID_`),
FOREIGN KEY (`GROUP_ID_`) REFERENCES `act_id_group` (`ID_`) ON DELETE RESTRICT ON UPDATE RESTRICT,
FOREIGN KEY (`USER_ID_`) REFERENCES `act_id_user` (`ID_`) ON DELETE RESTRICT ON UPDATE RESTRICT,
INDEX `ACT_FK_MEMB_GROUP` (`GROUP_ID_`) USING BTREE 
)
ENGINE=InnoDB
DEFAULT CHARACTER SET=utf8 COLLATE=utf8_bin

;

-- ----------------------------
-- Records of act_id_membership
-- ----------------------------
BEGIN;
INSERT INTO `act_id_membership` VALUES ('e7e8ae6ed9294e54a1ee815df2bc0a98', '3a516bd8655f4dfea309d569cebed87b'), ('1', ''), ('1', ''), ('1', ''), ('1', ''), ('1', ''), ('1', ''), ('1', '');
COMMIT;

-- ----------------------------
-- Table structure for act_id_user
-- ----------------------------
DROP TABLE IF EXISTS `act_id_user`;
CREATE TABLE `act_id_user` (
`ID_`  varchar(64) CHARACTER SET utf8 COLLATE utf8_bin NOT NULL ,
`REV_`  int(11) NULL DEFAULT NULL ,
`FIRST_`  varchar(255) CHARACTER SET utf8 COLLATE utf8_bin NULL DEFAULT NULL ,
`LAST_`  varchar(255) CHARACTER SET utf8 COLLATE utf8_bin NULL DEFAULT NULL ,
`EMAIL_`  varchar(255) CHARACTER SET utf8 COLLATE utf8_bin NULL DEFAULT NULL ,
`PWD_`  varchar(255) CHARACTER SET utf8 COLLATE utf8_bin NULL DEFAULT NULL ,
`PICTURE_ID_`  varchar(64) CHARACTER SET utf8 COLLATE utf8_bin NULL DEFAULT NULL ,
PRIMARY KEY (`ID_`)
)
ENGINE=InnoDB
DEFAULT CHARACTER SET=utf8 COLLATE=utf8_bin

;

-- ----------------------------
-- Records of act_id_user
-- ----------------------------
BEGIN;
INSERT INTO `act_id_user` VALUES ('e7e8ae6ed9294e54a1ee815df2bc0a98', '1', 'sunahijian', '', '55', '123456', null), ('1', '1', null, null, null, null, null), ('1', '1', null, null, null, null, null), ('1', '1', null, null, null, null, null), ('1', '1', null, null, null, null, null), ('1', '1', null, null, null, null, null), ('1', '1', null, null, null, null, null), ('2', '1', '2', null, '0', '123456', null), ('1', '1', null, null, null, null, null);
COMMIT;

-- ----------------------------
-- Table structure for act_procdef_info
-- ----------------------------
DROP TABLE IF EXISTS `act_procdef_info`;
CREATE TABLE `act_procdef_info` (
`ID_`  varchar(64) CHARACTER SET utf8 COLLATE utf8_bin NOT NULL ,
`PROC_DEF_ID_`  varchar(64) CHARACTER SET utf8 COLLATE utf8_bin NOT NULL ,
`REV_`  int(11) NULL DEFAULT NULL ,
`INFO_JSON_ID_`  varchar(64) CHARACTER SET utf8 COLLATE utf8_bin NULL DEFAULT NULL ,
PRIMARY KEY (`ID_`),
FOREIGN KEY (`INFO_JSON_ID_`) REFERENCES `act_ge_bytearray` (`ID_`) ON DELETE RESTRICT ON UPDATE RESTRICT,
FOREIGN KEY (`PROC_DEF_ID_`) REFERENCES `act_re_procdef` (`ID_`) ON DELETE RESTRICT ON UPDATE RESTRICT,
UNIQUE INDEX `ACT_UNIQ_INFO_PROCDEF` (`PROC_DEF_ID_`) USING BTREE ,
INDEX `ACT_IDX_INFO_PROCDEF` (`PROC_DEF_ID_`) USING BTREE ,
INDEX `ACT_FK_INFO_JSON_BA` (`INFO_JSON_ID_`) USING BTREE 
)
ENGINE=InnoDB
DEFAULT CHARACTER SET=utf8 COLLATE=utf8_bin

;

-- ----------------------------
-- Records of act_procdef_info
-- ----------------------------
BEGIN;
COMMIT;

-- ----------------------------
-- Table structure for act_re_deployment
-- ----------------------------
DROP TABLE IF EXISTS `act_re_deployment`;
CREATE TABLE `act_re_deployment` (
`ID_`  varchar(64) CHARACTER SET utf8 COLLATE utf8_bin NOT NULL ,
`NAME_`  varchar(255) CHARACTER SET utf8 COLLATE utf8_bin NULL DEFAULT NULL ,
`CATEGORY_`  varchar(255) CHARACTER SET utf8 COLLATE utf8_bin NULL DEFAULT NULL ,
`TENANT_ID_`  varchar(255) CHARACTER SET utf8 COLLATE utf8_bin NULL DEFAULT '' ,
`DEPLOY_TIME_`  timestamp(3) NULL DEFAULT NULL ,
PRIMARY KEY (`ID_`)
)
ENGINE=InnoDB
DEFAULT CHARACTER SET=utf8 COLLATE=utf8_bin

;

-- ----------------------------
-- Records of act_re_deployment
-- ----------------------------
BEGIN;
INSERT INTO `act_re_deployment` VALUES ('170001', '', null, '', '2017-09-06 11:22:45.526'), ('217576', '', null, '', '2017-09-19 17:19:49.759'), ('222510', '88', null, '', '2017-09-21 09:24:46.597');
COMMIT;

-- ----------------------------
-- Table structure for act_re_model
-- ----------------------------
DROP TABLE IF EXISTS `act_re_model`;
CREATE TABLE `act_re_model` (
`ID_`  varchar(64) CHARACTER SET utf8 COLLATE utf8_bin NOT NULL ,
`REV_`  int(11) NULL DEFAULT NULL ,
`NAME_`  varchar(255) CHARACTER SET utf8 COLLATE utf8_bin NULL DEFAULT NULL ,
`KEY_`  varchar(255) CHARACTER SET utf8 COLLATE utf8_bin NULL DEFAULT NULL ,
`CATEGORY_`  varchar(255) CHARACTER SET utf8 COLLATE utf8_bin NULL DEFAULT NULL ,
`CREATE_TIME_`  timestamp(3) NULL DEFAULT NULL ,
`LAST_UPDATE_TIME_`  timestamp(3) NULL DEFAULT NULL ,
`VERSION_`  int(11) NULL DEFAULT NULL ,
`META_INFO_`  varchar(4000) CHARACTER SET utf8 COLLATE utf8_bin NULL DEFAULT NULL ,
`DEPLOYMENT_ID_`  varchar(64) CHARACTER SET utf8 COLLATE utf8_bin NULL DEFAULT NULL ,
`EDITOR_SOURCE_VALUE_ID_`  varchar(64) CHARACTER SET utf8 COLLATE utf8_bin NULL DEFAULT NULL ,
`EDITOR_SOURCE_EXTRA_VALUE_ID_`  varchar(64) CHARACTER SET utf8 COLLATE utf8_bin NULL DEFAULT NULL ,
`TENANT_ID_`  varchar(255) CHARACTER SET utf8 COLLATE utf8_bin NULL DEFAULT '' ,
PRIMARY KEY (`ID_`),
FOREIGN KEY (`DEPLOYMENT_ID_`) REFERENCES `act_re_deployment` (`ID_`) ON DELETE RESTRICT ON UPDATE RESTRICT,
FOREIGN KEY (`EDITOR_SOURCE_VALUE_ID_`) REFERENCES `act_ge_bytearray` (`ID_`) ON DELETE RESTRICT ON UPDATE RESTRICT,
FOREIGN KEY (`EDITOR_SOURCE_EXTRA_VALUE_ID_`) REFERENCES `act_ge_bytearray` (`ID_`) ON DELETE RESTRICT ON UPDATE RESTRICT,
INDEX `ACT_FK_MODEL_SOURCE` (`EDITOR_SOURCE_VALUE_ID_`) USING BTREE ,
INDEX `ACT_FK_MODEL_SOURCE_EXTRA` (`EDITOR_SOURCE_EXTRA_VALUE_ID_`) USING BTREE ,
INDEX `ACT_FK_MODEL_DEPLOYMENT` (`DEPLOYMENT_ID_`) USING BTREE 
)
ENGINE=InnoDB
DEFAULT CHARACTER SET=utf8 COLLATE=utf8_bin

;

-- ----------------------------
-- Records of act_re_model
-- ----------------------------
BEGIN;
COMMIT;

-- ----------------------------
-- Table structure for act_re_procdef
-- ----------------------------
DROP TABLE IF EXISTS `act_re_procdef`;
CREATE TABLE `act_re_procdef` (
`ID_`  varchar(64) CHARACTER SET utf8 COLLATE utf8_bin NOT NULL ,
`REV_`  int(11) NULL DEFAULT NULL ,
`CATEGORY_`  varchar(255) CHARACTER SET utf8 COLLATE utf8_bin NULL DEFAULT NULL ,
`NAME_`  varchar(255) CHARACTER SET utf8 COLLATE utf8_bin NULL DEFAULT NULL ,
`KEY_`  varchar(255) CHARACTER SET utf8 COLLATE utf8_bin NOT NULL ,
`VERSION_`  int(11) NOT NULL ,
`DEPLOYMENT_ID_`  varchar(64) CHARACTER SET utf8 COLLATE utf8_bin NULL DEFAULT NULL ,
`RESOURCE_NAME_`  varchar(4000) CHARACTER SET utf8 COLLATE utf8_bin NULL DEFAULT NULL ,
`DGRM_RESOURCE_NAME_`  varchar(4000) CHARACTER SET utf8 COLLATE utf8_bin NULL DEFAULT NULL ,
`DESCRIPTION_`  varchar(4000) CHARACTER SET utf8 COLLATE utf8_bin NULL DEFAULT NULL ,
`HAS_START_FORM_KEY_`  tinyint(4) NULL DEFAULT NULL ,
`HAS_GRAPHICAL_NOTATION_`  tinyint(4) NULL DEFAULT NULL ,
`SUSPENSION_STATE_`  int(11) NULL DEFAULT NULL ,
`TENANT_ID_`  varchar(255) CHARACTER SET utf8 COLLATE utf8_bin NULL DEFAULT '' ,
PRIMARY KEY (`ID_`),
UNIQUE INDEX `ACT_UNIQ_PROCDEF` (`KEY_`, `VERSION_`, `TENANT_ID_`) USING BTREE 
)
ENGINE=InnoDB
DEFAULT CHARACTER SET=utf8 COLLATE=utf8_bin

;

-- ----------------------------
-- Records of act_re_procdef
-- ----------------------------
BEGIN;
INSERT INTO `act_re_procdef` VALUES ('activitiemployeeProcess:1:170004', '1', 'http://www.activiti.org/test', 'Activiti Employee Process', 'activitiemployeeProcess', '1', '170001', 'activitiEmployeeProcess.bpmn', 'activitiEmployeeProcess.png', null, '0', '1', '1', ''), ('hqProcess:1:217579', '1', 'http://www.activiti.org/test', '', 'hqProcess', '1', '217576', 'hqProcess.bpmn', 'hqProcess.png', null, '0', '1', '1', ''), ('importProcess:1:222513', '1', 'http://www.activiti.org/test', '', 'importProcess', '1', '222510', 'importProcess.bpmn', 'importProcess.png', null, '0', '1', '1', '');
COMMIT;

-- ----------------------------
-- Table structure for act_ru_event_subscr
-- ----------------------------
DROP TABLE IF EXISTS `act_ru_event_subscr`;
CREATE TABLE `act_ru_event_subscr` (
`ID_`  varchar(64) CHARACTER SET utf8 COLLATE utf8_bin NOT NULL ,
`REV_`  int(11) NULL DEFAULT NULL ,
`EVENT_TYPE_`  varchar(255) CHARACTER SET utf8 COLLATE utf8_bin NOT NULL ,
`EVENT_NAME_`  varchar(255) CHARACTER SET utf8 COLLATE utf8_bin NULL DEFAULT NULL ,
`EXECUTION_ID_`  varchar(64) CHARACTER SET utf8 COLLATE utf8_bin NULL DEFAULT NULL ,
`PROC_INST_ID_`  varchar(64) CHARACTER SET utf8 COLLATE utf8_bin NULL DEFAULT NULL ,
`ACTIVITY_ID_`  varchar(64) CHARACTER SET utf8 COLLATE utf8_bin NULL DEFAULT NULL ,
`CONFIGURATION_`  varchar(255) CHARACTER SET utf8 COLLATE utf8_bin NULL DEFAULT NULL ,
`CREATED_`  timestamp(3) NOT NULL DEFAULT CURRENT_TIMESTAMP(3) ,
`PROC_DEF_ID_`  varchar(64) CHARACTER SET utf8 COLLATE utf8_bin NULL DEFAULT NULL ,
`TENANT_ID_`  varchar(255) CHARACTER SET utf8 COLLATE utf8_bin NULL DEFAULT '' ,
PRIMARY KEY (`ID_`),
FOREIGN KEY (`EXECUTION_ID_`) REFERENCES `act_ru_execution` (`ID_`) ON DELETE RESTRICT ON UPDATE RESTRICT,
INDEX `ACT_IDX_EVENT_SUBSCR_CONFIG_` (`CONFIGURATION_`) USING BTREE ,
INDEX `ACT_FK_EVENT_EXEC` (`EXECUTION_ID_`) USING BTREE 
)
ENGINE=InnoDB
DEFAULT CHARACTER SET=utf8 COLLATE=utf8_bin

;

-- ----------------------------
-- Records of act_ru_event_subscr
-- ----------------------------
BEGIN;
COMMIT;

-- ----------------------------
-- Table structure for act_ru_execution
-- ----------------------------
DROP TABLE IF EXISTS `act_ru_execution`;
CREATE TABLE `act_ru_execution` (
`ID_`  varchar(64) CHARACTER SET utf8 COLLATE utf8_bin NOT NULL ,
`REV_`  int(11) NULL DEFAULT NULL ,
`PROC_INST_ID_`  varchar(64) CHARACTER SET utf8 COLLATE utf8_bin NULL DEFAULT NULL ,
`BUSINESS_KEY_`  varchar(255) CHARACTER SET utf8 COLLATE utf8_bin NULL DEFAULT NULL ,
`PARENT_ID_`  varchar(64) CHARACTER SET utf8 COLLATE utf8_bin NULL DEFAULT NULL ,
`PROC_DEF_ID_`  varchar(64) CHARACTER SET utf8 COLLATE utf8_bin NULL DEFAULT NULL ,
`SUPER_EXEC_`  varchar(64) CHARACTER SET utf8 COLLATE utf8_bin NULL DEFAULT NULL ,
`ACT_ID_`  varchar(255) CHARACTER SET utf8 COLLATE utf8_bin NULL DEFAULT NULL ,
`IS_ACTIVE_`  tinyint(4) NULL DEFAULT NULL ,
`IS_CONCURRENT_`  tinyint(4) NULL DEFAULT NULL ,
`IS_SCOPE_`  tinyint(4) NULL DEFAULT NULL ,
`IS_EVENT_SCOPE_`  tinyint(4) NULL DEFAULT NULL ,
`SUSPENSION_STATE_`  int(11) NULL DEFAULT NULL ,
`CACHED_ENT_STATE_`  int(11) NULL DEFAULT NULL ,
`TENANT_ID_`  varchar(255) CHARACTER SET utf8 COLLATE utf8_bin NULL DEFAULT '' ,
`NAME_`  varchar(255) CHARACTER SET utf8 COLLATE utf8_bin NULL DEFAULT NULL ,
`LOCK_TIME_`  timestamp(3) NULL DEFAULT NULL ,
PRIMARY KEY (`ID_`),
FOREIGN KEY (`PARENT_ID_`) REFERENCES `act_ru_execution` (`ID_`) ON DELETE RESTRICT ON UPDATE RESTRICT,
FOREIGN KEY (`PROC_DEF_ID_`) REFERENCES `act_re_procdef` (`ID_`) ON DELETE RESTRICT ON UPDATE RESTRICT,
FOREIGN KEY (`PROC_INST_ID_`) REFERENCES `act_ru_execution` (`ID_`) ON DELETE CASCADE ON UPDATE CASCADE,
FOREIGN KEY (`SUPER_EXEC_`) REFERENCES `act_ru_execution` (`ID_`) ON DELETE RESTRICT ON UPDATE RESTRICT,
INDEX `ACT_IDX_EXEC_BUSKEY` (`BUSINESS_KEY_`) USING BTREE ,
INDEX `ACT_FK_EXE_PROCINST` (`PROC_INST_ID_`) USING BTREE ,
INDEX `ACT_FK_EXE_PARENT` (`PARENT_ID_`) USING BTREE ,
INDEX `ACT_FK_EXE_SUPER` (`SUPER_EXEC_`) USING BTREE ,
INDEX `ACT_FK_EXE_PROCDEF` (`PROC_DEF_ID_`) USING BTREE 
)
ENGINE=InnoDB
DEFAULT CHARACTER SET=utf8 COLLATE=utf8_bin

;

-- ----------------------------
-- Records of act_ru_execution
-- ----------------------------
BEGIN;
INSERT INTO `act_ru_execution` VALUES ('195001', '3', '195001', 'b1c26570927942e5b5952d8d1aa6e2dd', null, 'activitiemployeeProcess:1:170004', null, 'usertask7', '1', '0', '1', '0', '2', '2', '', null, null), ('200001', '4', '200001', '9e058e96657044f49b313abe9d58667f', null, 'activitiemployeeProcess:1:170004', null, 'usertask7', '1', '0', '1', '0', '2', '2', '', null, null), ('202501', '4', '202501', '822045f242ff4a5f9d22b903c1d80665', null, 'activitiemployeeProcess:1:170004', null, 'parallelgateway1', '0', '0', '1', '0', '1', '0', '', null, null), ('202515', '3', '202501', null, '202501', 'activitiemployeeProcess:1:170004', null, 'usertask8', '1', '1', '0', '0', '1', '3', '', null, null), ('202516', '1', '202501', null, '202501', 'activitiemployeeProcess:1:170004', null, 'usertask9', '1', '1', '0', '0', '1', '7', '', null, null), ('212501', '3', '212501', '699a602ff2fd451499721839207da467', null, 'activitiemployeeProcess:1:170004', null, 'usertask6', '1', '0', '1', '0', '1', '2', '', null, null), ('212563', '1', '202501', null, '202501', 'activitiemployeeProcess:1:170004', null, 'usertask9', '1', '1', '0', '0', '1', '7', '', null, null), ('217580', '1', '217580', null, null, 'hqProcess:1:217579', null, null, '0', '0', '1', '0', '1', '2', '', null, null), ('217585', '1', '217580', null, '217580', 'hqProcess:1:217579', null, 'usertask1', '0', '0', '1', '0', '1', '6', '', null, null), ('217590', '1', '217580', null, '217585', 'hqProcess:1:217579', null, 'usertask1', '1', '1', '0', '0', '1', '7', '', null, null), ('217591', '1', '217580', null, '217585', 'hqProcess:1:217579', null, 'usertask1', '1', '1', '0', '0', '1', '7', '', null, null), ('217592', '1', '217580', null, '217585', 'hqProcess:1:217579', null, 'usertask1', '1', '1', '0', '0', '1', '7', '', null, null), ('222501', '2', '222501', 'a2c7aa617cf44b74932625dd3b38b933', null, 'activitiemployeeProcess:1:170004', null, 'usertask7', '1', '0', '1', '0', '1', '2', '', null, null), ('222514', '2', '222514', '1e18ceee66084174a8a8c92afa332578', null, 'activitiemployeeProcess:1:170004', null, 'usertask7', '1', '0', '1', '0', '1', '2', '', null, null), ('225001', '2', '225001', 'a54b84f8c949405d9e0530e48755983a', null, 'importProcess:1:222513', null, 'usertask2', '1', '0', '1', '0', '1', '2', '', null, null);
COMMIT;

-- ----------------------------
-- Table structure for act_ru_identitylink
-- ----------------------------
DROP TABLE IF EXISTS `act_ru_identitylink`;
CREATE TABLE `act_ru_identitylink` (
`ID_`  varchar(64) CHARACTER SET utf8 COLLATE utf8_bin NOT NULL ,
`REV_`  int(11) NULL DEFAULT NULL ,
`GROUP_ID_`  varchar(255) CHARACTER SET utf8 COLLATE utf8_bin NULL DEFAULT NULL ,
`TYPE_`  varchar(255) CHARACTER SET utf8 COLLATE utf8_bin NULL DEFAULT NULL ,
`USER_ID_`  varchar(255) CHARACTER SET utf8 COLLATE utf8_bin NULL DEFAULT NULL ,
`TASK_ID_`  varchar(64) CHARACTER SET utf8 COLLATE utf8_bin NULL DEFAULT NULL ,
`PROC_INST_ID_`  varchar(64) CHARACTER SET utf8 COLLATE utf8_bin NULL DEFAULT NULL ,
`PROC_DEF_ID_`  varchar(64) CHARACTER SET utf8 COLLATE utf8_bin NULL DEFAULT NULL ,
PRIMARY KEY (`ID_`),
FOREIGN KEY (`PROC_DEF_ID_`) REFERENCES `act_re_procdef` (`ID_`) ON DELETE RESTRICT ON UPDATE RESTRICT,
FOREIGN KEY (`PROC_INST_ID_`) REFERENCES `act_ru_execution` (`ID_`) ON DELETE RESTRICT ON UPDATE RESTRICT,
FOREIGN KEY (`TASK_ID_`) REFERENCES `act_ru_task` (`ID_`) ON DELETE RESTRICT ON UPDATE RESTRICT,
INDEX `ACT_IDX_IDENT_LNK_USER` (`USER_ID_`) USING BTREE ,
INDEX `ACT_IDX_IDENT_LNK_GROUP` (`GROUP_ID_`) USING BTREE ,
INDEX `ACT_IDX_ATHRZ_PROCEDEF` (`PROC_DEF_ID_`) USING BTREE ,
INDEX `ACT_FK_TSKASS_TASK` (`TASK_ID_`) USING BTREE ,
INDEX `ACT_FK_IDL_PROCINST` (`PROC_INST_ID_`) USING BTREE 
)
ENGINE=InnoDB
DEFAULT CHARACTER SET=utf8 COLLATE=utf8_bin

;

-- ----------------------------
-- Records of act_ru_identitylink
-- ----------------------------
BEGIN;
INSERT INTO `act_ru_identitylink` VALUES ('195009', '1', '', 'candidate', null, '195008', null, null), ('200009', '1', '', 'candidate', null, '200008', null, null), ('202513', '1', null, 'participant', '1[]', null, '202501', null), ('202522', '1', '', 'candidate', null, '202521', null, null), ('212512', '1', '', 'candidate', null, '212511', null, null), ('212566', '1', '', 'candidate', null, '212565', null, null), ('212569', '1', '', 'candidate', null, '212568', null, null), ('217596', '1', null, 'participant', '1', null, '217580', null), ('217601', '1', null, 'participant', '2', null, '217580', null), ('217606', '1', null, 'participant', '1', null, '217580', null), ('222509', '1', '', 'candidate', null, '222508', null, null), ('222523', '1', '', 'candidate', null, '222522', null, null), ('225007', '1', null, 'participant', 'f0cb2ea5d7e64774ad0a1cb988b7942d', null, '225001', null), ('225010', '1', null, 'candidate', '09f6995114604f14a20ca511ef886661', '225009', null, null), ('225011', '1', null, 'participant', '09f6995114604f14a20ca511ef886661', null, '225001', null);
COMMIT;

-- ----------------------------
-- Table structure for act_ru_job
-- ----------------------------
DROP TABLE IF EXISTS `act_ru_job`;
CREATE TABLE `act_ru_job` (
`ID_`  varchar(64) CHARACTER SET utf8 COLLATE utf8_bin NOT NULL ,
`REV_`  int(11) NULL DEFAULT NULL ,
`TYPE_`  varchar(255) CHARACTER SET utf8 COLLATE utf8_bin NOT NULL ,
`LOCK_EXP_TIME_`  timestamp(3) NULL DEFAULT NULL ,
`LOCK_OWNER_`  varchar(255) CHARACTER SET utf8 COLLATE utf8_bin NULL DEFAULT NULL ,
`EXCLUSIVE_`  tinyint(1) NULL DEFAULT NULL ,
`EXECUTION_ID_`  varchar(64) CHARACTER SET utf8 COLLATE utf8_bin NULL DEFAULT NULL ,
`PROCESS_INSTANCE_ID_`  varchar(64) CHARACTER SET utf8 COLLATE utf8_bin NULL DEFAULT NULL ,
`PROC_DEF_ID_`  varchar(64) CHARACTER SET utf8 COLLATE utf8_bin NULL DEFAULT NULL ,
`RETRIES_`  int(11) NULL DEFAULT NULL ,
`EXCEPTION_STACK_ID_`  varchar(64) CHARACTER SET utf8 COLLATE utf8_bin NULL DEFAULT NULL ,
`EXCEPTION_MSG_`  varchar(4000) CHARACTER SET utf8 COLLATE utf8_bin NULL DEFAULT NULL ,
`DUEDATE_`  timestamp(3) NULL DEFAULT NULL ,
`REPEAT_`  varchar(255) CHARACTER SET utf8 COLLATE utf8_bin NULL DEFAULT NULL ,
`HANDLER_TYPE_`  varchar(255) CHARACTER SET utf8 COLLATE utf8_bin NULL DEFAULT NULL ,
`HANDLER_CFG_`  varchar(4000) CHARACTER SET utf8 COLLATE utf8_bin NULL DEFAULT NULL ,
`TENANT_ID_`  varchar(255) CHARACTER SET utf8 COLLATE utf8_bin NULL DEFAULT '' ,
PRIMARY KEY (`ID_`),
FOREIGN KEY (`EXCEPTION_STACK_ID_`) REFERENCES `act_ge_bytearray` (`ID_`) ON DELETE RESTRICT ON UPDATE RESTRICT,
INDEX `ACT_FK_JOB_EXCEPTION` (`EXCEPTION_STACK_ID_`) USING BTREE 
)
ENGINE=InnoDB
DEFAULT CHARACTER SET=utf8 COLLATE=utf8_bin

;

-- ----------------------------
-- Records of act_ru_job
-- ----------------------------
BEGIN;
COMMIT;

-- ----------------------------
-- Table structure for act_ru_task
-- ----------------------------
DROP TABLE IF EXISTS `act_ru_task`;
CREATE TABLE `act_ru_task` (
`ID_`  varchar(64) CHARACTER SET utf8 COLLATE utf8_bin NOT NULL ,
`REV_`  int(11) NULL DEFAULT NULL ,
`EXECUTION_ID_`  varchar(64) CHARACTER SET utf8 COLLATE utf8_bin NULL DEFAULT NULL ,
`PROC_INST_ID_`  varchar(64) CHARACTER SET utf8 COLLATE utf8_bin NULL DEFAULT NULL ,
`PROC_DEF_ID_`  varchar(64) CHARACTER SET utf8 COLLATE utf8_bin NULL DEFAULT NULL ,
`NAME_`  varchar(255) CHARACTER SET utf8 COLLATE utf8_bin NULL DEFAULT NULL ,
`PARENT_TASK_ID_`  varchar(64) CHARACTER SET utf8 COLLATE utf8_bin NULL DEFAULT NULL ,
`DESCRIPTION_`  varchar(4000) CHARACTER SET utf8 COLLATE utf8_bin NULL DEFAULT NULL ,
`TASK_DEF_KEY_`  varchar(255) CHARACTER SET utf8 COLLATE utf8_bin NULL DEFAULT NULL ,
`OWNER_`  varchar(255) CHARACTER SET utf8 COLLATE utf8_bin NULL DEFAULT NULL ,
`ASSIGNEE_`  varchar(255) CHARACTER SET utf8 COLLATE utf8_bin NULL DEFAULT NULL ,
`DELEGATION_`  varchar(64) CHARACTER SET utf8 COLLATE utf8_bin NULL DEFAULT NULL ,
`PRIORITY_`  int(11) NULL DEFAULT NULL ,
`CREATE_TIME_`  timestamp(3) NULL DEFAULT NULL ,
`DUE_DATE_`  datetime(3) NULL DEFAULT NULL ,
`CATEGORY_`  varchar(255) CHARACTER SET utf8 COLLATE utf8_bin NULL DEFAULT NULL ,
`SUSPENSION_STATE_`  int(11) NULL DEFAULT NULL ,
`TENANT_ID_`  varchar(255) CHARACTER SET utf8 COLLATE utf8_bin NULL DEFAULT '' ,
`FORM_KEY_`  varchar(255) CHARACTER SET utf8 COLLATE utf8_bin NULL DEFAULT NULL ,
PRIMARY KEY (`ID_`),
FOREIGN KEY (`EXECUTION_ID_`) REFERENCES `act_ru_execution` (`ID_`) ON DELETE RESTRICT ON UPDATE RESTRICT,
FOREIGN KEY (`PROC_DEF_ID_`) REFERENCES `act_re_procdef` (`ID_`) ON DELETE RESTRICT ON UPDATE RESTRICT,
FOREIGN KEY (`PROC_INST_ID_`) REFERENCES `act_ru_execution` (`ID_`) ON DELETE RESTRICT ON UPDATE RESTRICT,
INDEX `ACT_IDX_TASK_CREATE` (`CREATE_TIME_`) USING BTREE ,
INDEX `ACT_FK_TASK_EXE` (`EXECUTION_ID_`) USING BTREE ,
INDEX `ACT_FK_TASK_PROCINST` (`PROC_INST_ID_`) USING BTREE ,
INDEX `ACT_FK_TASK_PROCDEF` (`PROC_DEF_ID_`) USING BTREE 
)
ENGINE=InnoDB
DEFAULT CHARACTER SET=utf8 COLLATE=utf8_bin

;

-- ----------------------------
-- Records of act_ru_task
-- ----------------------------
BEGIN;
INSERT INTO `act_ru_task` VALUES ('195008', '2', '195001', '195001', 'activitiemployeeProcess:1:170004', '', null, null, 'usertask7', null, null, null, '50', '2017-09-09 10:33:36.398', null, null, '2', '', '/pages/leave/leavesp.jsp'), ('200008', '3', '200001', '200001', 'activitiemployeeProcess:1:170004', '', null, null, 'usertask7', null, null, null, '50', '2017-09-13 09:31:43.962', null, null, '2', '', '/pages/leave/leavesp.jsp'), ('202521', '1', '202516', '202501', 'activitiemployeeProcess:1:170004', '', null, null, 'usertask9', null, null, null, '50', '2017-09-13 10:35:07.590', null, null, '1', '', '/pages/leave/leavesp.jsp'), ('212511', '1', '212501', '212501', 'activitiemployeeProcess:1:170004', '', null, null, 'usertask6', null, null, null, '50', '2017-09-14 09:14:56.956', null, null, '1', '', null), ('212565', '1', '202515', '202501', 'activitiemployeeProcess:1:170004', '', null, null, 'usertask8', null, null, null, '50', '2017-09-14 09:27:38.537', null, null, '1', '', '/pages/leave/leavesp.jsp'), ('212568', '1', '212563', '202501', 'activitiemployeeProcess:1:170004', '', null, null, 'usertask9', null, null, null, '50', '2017-09-14 09:27:38.540', null, null, '1', '', '/pages/leave/leavesp.jsp'), ('217595', '1', '217590', '217580', 'hqProcess:1:217579', '', null, null, 'usertask1', null, '1', null, '50', '2017-09-19 17:20:50.230', null, null, '1', '', '/pages/leave/huiqian.jsp'), ('217600', '1', '217591', '217580', 'hqProcess:1:217579', '', null, null, 'usertask1', null, '2', null, '50', '2017-09-19 17:20:50.238', null, null, '1', '', '/pages/leave/huiqian.jsp'), ('217605', '1', '217592', '217580', 'hqProcess:1:217579', '', null, null, 'usertask1', null, '1', null, '50', '2017-09-19 17:20:50.242', null, null, '1', '', '/pages/leave/huiqian.jsp'), ('222508', '1', '222501', '222501', 'activitiemployeeProcess:1:170004', '', null, null, 'usertask7', null, null, null, '50', '2017-09-21 09:24:02.995', null, null, '1', '', '/pages/leave/leavesp.jsp'), ('222522', '1', '222514', '222514', 'activitiemployeeProcess:1:170004', '', null, null, 'usertask7', null, null, null, '50', '2017-09-21 09:25:04.710', null, null, '1', '', '/pages/leave/leavesp.jsp'), ('225009', '1', '225001', '225001', 'importProcess:1:222513', '', null, null, 'usertask2', null, null, null, '50', '2017-09-21 09:27:26.994', null, null, '1', '', '/pages/leave/reg.jsp');
COMMIT;

-- ----------------------------
-- Table structure for act_ru_variable
-- ----------------------------
DROP TABLE IF EXISTS `act_ru_variable`;
CREATE TABLE `act_ru_variable` (
`ID_`  varchar(64) CHARACTER SET utf8 COLLATE utf8_bin NOT NULL ,
`REV_`  int(11) NULL DEFAULT NULL ,
`TYPE_`  varchar(255) CHARACTER SET utf8 COLLATE utf8_bin NOT NULL ,
`NAME_`  varchar(255) CHARACTER SET utf8 COLLATE utf8_bin NOT NULL ,
`EXECUTION_ID_`  varchar(64) CHARACTER SET utf8 COLLATE utf8_bin NULL DEFAULT NULL ,
`PROC_INST_ID_`  varchar(64) CHARACTER SET utf8 COLLATE utf8_bin NULL DEFAULT NULL ,
`TASK_ID_`  varchar(64) CHARACTER SET utf8 COLLATE utf8_bin NULL DEFAULT NULL ,
`BYTEARRAY_ID_`  varchar(64) CHARACTER SET utf8 COLLATE utf8_bin NULL DEFAULT NULL ,
`DOUBLE_`  double NULL DEFAULT NULL ,
`LONG_`  bigint(20) NULL DEFAULT NULL ,
`TEXT_`  varchar(4000) CHARACTER SET utf8 COLLATE utf8_bin NULL DEFAULT NULL ,
`TEXT2_`  varchar(4000) CHARACTER SET utf8 COLLATE utf8_bin NULL DEFAULT NULL ,
PRIMARY KEY (`ID_`),
FOREIGN KEY (`BYTEARRAY_ID_`) REFERENCES `act_ge_bytearray` (`ID_`) ON DELETE RESTRICT ON UPDATE RESTRICT,
FOREIGN KEY (`EXECUTION_ID_`) REFERENCES `act_ru_execution` (`ID_`) ON DELETE RESTRICT ON UPDATE RESTRICT,
FOREIGN KEY (`PROC_INST_ID_`) REFERENCES `act_ru_execution` (`ID_`) ON DELETE RESTRICT ON UPDATE RESTRICT,
INDEX `ACT_IDX_VARIABLE_TASK_ID` (`TASK_ID_`) USING BTREE ,
INDEX `ACT_FK_VAR_EXE` (`EXECUTION_ID_`) USING BTREE ,
INDEX `ACT_FK_VAR_PROCINST` (`PROC_INST_ID_`) USING BTREE ,
INDEX `ACT_FK_VAR_BYTEARRAY` (`BYTEARRAY_ID_`) USING BTREE 
)
ENGINE=InnoDB
DEFAULT CHARACTER SET=utf8 COLLATE=utf8_bin

;

-- ----------------------------
-- Records of act_ru_variable
-- ----------------------------
BEGIN;
INSERT INTO `act_ru_variable` VALUES ('195003', '1', 'string', 'leaveId', '195001', '195001', null, null, null, null, 'b1c26570927942e5b5952d8d1aa6e2dd', null), ('200003', '1', 'string', 'leaveId', '200001', '200001', null, null, null, null, '9e058e96657044f49b313abe9d58667f', null), ('202503', '1', 'string', 'leaveId', '202501', '202501', null, null, null, null, '822045f242ff4a5f9d22b903c1d80665', null), ('202511', '1', 'string', 'dasy', '202501', '202501', null, null, null, null, '8', null), ('202512', '1', 'string', 'msg', '202501', '202501', null, null, null, null, '', null), ('212503', '1', 'string', 'leaveId', '212501', '212501', null, null, null, null, '699a602ff2fd451499721839207da467', null), ('217583', '1', 'serializable', 'assigneeList', '217580', '217580', null, '217582', null, null, null, null), ('217587', '1', 'integer', 'nrOfInstances', '217585', '217580', null, null, null, '3', '3', null), ('217588', '1', 'integer', 'nrOfCompletedInstances', '217585', '217580', null, null, null, '0', '0', null), ('217589', '1', 'integer', 'nrOfActiveInstances', '217585', '217580', null, null, null, '3', '3', null), ('217593', '1', 'integer', 'loopCounter', '217590', '217580', null, null, null, '0', '0', null), ('217594', '1', 'string', 'assignee', '217590', '217580', null, null, null, null, '1', null), ('217597', '1', 'integer', 'loopCounter', '217591', '217580', null, null, null, '1', '1', null), ('217598', '1', 'string', 'assignee', '217591', '217580', null, null, null, null, '2', null), ('217602', '1', 'integer', 'loopCounter', '217592', '217580', null, null, null, '2', '2', null), ('217603', '1', 'string', 'assignee', '217592', '217580', null, null, null, null, '1', null), ('222503', '1', 'string', 'leaveId', '222501', '222501', null, null, null, null, 'a2c7aa617cf44b74932625dd3b38b933', null), ('222516', '1', 'string', 'inputuser', '222514', '222514', null, null, null, null, 'f0cb2ea5d7e64774ad0a1cb988b7942d', null), ('222517', '1', 'string', 'bumenjingli', '222514', '222514', null, null, null, null, '09f6995114604f14a20ca511ef886661', null), ('225003', '1', 'string', 'inputuser', '225001', '225001', null, null, null, null, 'f0cb2ea5d7e64774ad0a1cb988b7942d', null), ('225004', '1', 'string', 'bumenjingli', '225001', '225001', null, null, null, null, '09f6995114604f14a20ca511ef886661', null);
COMMIT;

-- ----------------------------
-- Table structure for customer
-- ----------------------------
DROP TABLE IF EXISTS `customer`;
CREATE TABLE `customer` (
`cuscode`  varchar(255) CHARACTER SET utf8 COLLATE utf8_general_ci NULL DEFAULT NULL ,
`custype`  varchar(255) CHARACTER SET utf8 COLLATE utf8_general_ci NULL DEFAULT NULL ,
`cusleavel`  varchar(255) CHARACTER SET utf8 COLLATE utf8_general_ci NULL DEFAULT NULL ,
`cusname`  varchar(255) CHARACTER SET utf8 COLLATE utf8_general_ci NULL DEFAULT NULL ,
`cusphone`  varchar(255) CHARACTER SET utf8 COLLATE utf8_general_ci NULL DEFAULT NULL ,
`cusaddress`  varchar(255) CHARACTER SET utf8 COLLATE utf8_general_ci NULL DEFAULT NULL ,
`cuspost`  varchar(255) CHARACTER SET utf8 COLLATE utf8_general_ci NULL DEFAULT NULL ,
`cusmail`  varchar(255) CHARACTER SET utf8 COLLATE utf8_general_ci NULL DEFAULT NULL ,
`cuslimit`  varchar(255) CHARACTER SET utf8 COLLATE utf8_general_ci NULL DEFAULT NULL ,
`cusinput`  varchar(255) CHARACTER SET utf8 COLLATE utf8_general_ci NULL DEFAULT NULL ,
`cusout`  varchar(255) CHARACTER SET utf8 COLLATE utf8_general_ci NULL DEFAULT NULL ,
`cusmanname`  varchar(255) CHARACTER SET utf8 COLLATE utf8_general_ci NULL DEFAULT NULL ,
`addby`  varchar(255) CHARACTER SET utf8 COLLATE utf8_general_ci NULL DEFAULT NULL ,
`addtime`  datetime NULL DEFAULT NULL ON UPDATE CURRENT_TIMESTAMP ,
`updby`  varchar(255) CHARACTER SET utf8 COLLATE utf8_general_ci NULL DEFAULT NULL ,
`updtime`  datetime NULL DEFAULT NULL ON UPDATE CURRENT_TIMESTAMP 
)
ENGINE=InnoDB
DEFAULT CHARACTER SET=utf8 COLLATE=utf8_general_ci

;

-- ----------------------------
-- Records of customer
-- ----------------------------
BEGIN;
INSERT INTO `customer` VALUES ('KH355648', '545', '564', '5645', '465', '6456', '456', '645', '456', '0', '5.0', '456', null, '2017-10-01 15:50:34', null, '2017-10-01 15:50:34');
COMMIT;

-- ----------------------------
-- Table structure for goods
-- ----------------------------
DROP TABLE IF EXISTS `goods`;
CREATE TABLE `goods` (
`spcode`  varchar(255) CHARACTER SET utf8 COLLATE utf8_general_ci NULL DEFAULT NULL ,
`spname`  varchar(255) CHARACTER SET utf8 COLLATE utf8_general_ci NULL DEFAULT NULL ,
`spver`  varchar(255) CHARACTER SET utf8 COLLATE utf8_general_ci NULL DEFAULT NULL ,
`spnumber`  int(11) NULL DEFAULT NULL ,
`spprice`  decimal(10,2) NULL DEFAULT NULL ,
`spprcezj`  varchar(255) CHARACTER SET utf8 COLLATE utf8_general_ci NULL DEFAULT NULL ,
`sppricels`  varchar(255) CHARACTER SET utf8 COLLATE utf8_general_ci NULL DEFAULT NULL ,
`sppricelszj`  varchar(255) CHARACTER SET utf8 COLLATE utf8_general_ci NULL DEFAULT NULL ,
`spcategory`  varchar(255) CHARACTER SET utf8 COLLATE utf8_general_ci NULL DEFAULT NULL ,
`createtime`  datetime NULL DEFAULT NULL ON UPDATE CURRENT_TIMESTAMP ,
`crateperson`  varchar(255) CHARACTER SET utf8 COLLATE utf8_general_ci NULL DEFAULT NULL 
)
ENGINE=InnoDB
DEFAULT CHARACTER SET=utf8 COLLATE=utf8_general_ci

;

-- ----------------------------
-- Records of goods
-- ----------------------------
BEGIN;
INSERT INTO `goods` VALUES ('SP356436', '52', '525', '334', '5252.00', '52', '25', '525', 'SPPL817919', '2017-10-09 13:51:45', null), ('SP450678', '525', '255', '-194', '52.00', '52', '522', '525', 'SPPL866865', '2017-10-09 11:54:41', null);
COMMIT;

-- ----------------------------
-- Table structure for inputgoodhander
-- ----------------------------
DROP TABLE IF EXISTS `inputgoodhander`;
CREATE TABLE `inputgoodhander` (
`id`  varchar(255) CHARACTER SET utf8 COLLATE utf8_general_ci NULL DEFAULT NULL ,
`code`  varchar(255) CHARACTER SET utf8 COLLATE utf8_general_ci NULL DEFAULT NULL ,
`supply`  varchar(255) CHARACTER SET utf8 COLLATE utf8_general_ci NULL DEFAULT NULL ,
`shop`  varchar(255) CHARACTER SET utf8 COLLATE utf8_general_ci NULL DEFAULT NULL ,
`person`  varchar(255) CHARACTER SET utf8 COLLATE utf8_general_ci NULL DEFAULT NULL ,
`note`  varchar(255) CHARACTER SET utf8 COLLATE utf8_general_ci NULL DEFAULT NULL ,
`amount`  varchar(255) CHARACTER SET utf8mb4 COLLATE utf8mb4_unicode_ci NULL DEFAULT NULL ,
`flag`  varchar(255) CHARACTER SET utf8 COLLATE utf8_general_ci NULL DEFAULT NULL ,
`ioflag`  varchar(255) CHARACTER SET utf8 COLLATE utf8_general_ci NULL DEFAULT NULL ,
`status`  varchar(255) CHARACTER SET utf8 COLLATE utf8_general_ci NULL DEFAULT NULL 
)
ENGINE=InnoDB
DEFAULT CHARACTER SET=utf8 COLLATE=utf8_general_ci

;

-- ----------------------------
-- Records of inputgoodhander
-- ----------------------------
BEGIN;
INSERT INTO `inputgoodhander` VALUES ('fe0c78e96aa04e85b672748c2de5538a', 'JHD2017100900001', '25', '25', '25', '52', '52', null, 'JHD', ''), ('febee13678aa4947a4e75ca21b2e3179', 'JHD2017100900002', '1', '1', '1', '1', '1', null, 'JHD', ''), ('baea8b8bc1034e9f91ad4e6696cd416c', 'JHTHD2017100900002', '2', '2', '2', '2', '2', null, 'THD', null), ('03a7e0a7abb94efeaf7c306a7f799e1b', 'JHTHD2017100900003', '2', '2', '2', '2', '2', null, 'THD', null), ('559b20b0e6a049678d620b67e3cb6b45', 'JHD2017101100001', null, null, null, null, '10', 'JHD', null, null);
COMMIT;

-- ----------------------------
-- Table structure for inputgooditem
-- ----------------------------
DROP TABLE IF EXISTS `inputgooditem`;
CREATE TABLE `inputgooditem` (
`id`  varchar(255) CHARACTER SET utf8 COLLATE utf8_general_ci NULL DEFAULT NULL ,
`pid`  varchar(255) CHARACTER SET utf8 COLLATE utf8_general_ci NULL DEFAULT NULL ,
`goodcode`  varchar(255) CHARACTER SET utf8 COLLATE utf8_general_ci NULL DEFAULT NULL ,
`goodname`  varchar(255) CHARACTER SET utf8 COLLATE utf8_general_ci NULL DEFAULT NULL ,
`size`  varchar(255) CHARACTER SET utf8 COLLATE utf8_general_ci NULL DEFAULT NULL ,
`number`  int(11) NULL DEFAULT NULL ,
`price`  decimal(10,2) NULL DEFAULT NULL ,
`amount`  varchar(255) CHARACTER SET utf8 COLLATE utf8_general_ci NULL DEFAULT NULL ,
`note`  varchar(255) CHARACTER SET utf8 COLLATE utf8_general_ci NULL DEFAULT NULL 
)
ENGINE=InnoDB
DEFAULT CHARACTER SET=utf8 COLLATE=utf8_general_ci

;

-- ----------------------------
-- Records of inputgooditem
-- ----------------------------
BEGIN;
INSERT INTO `inputgooditem` VALUES (null, 'f5d2b0118f0349bca3b7aa81abbf4a5d', '585', '8', '58', '58', '5.00', '58', '5'), (null, '91bfe84d105541f0b64afcdeca0d37ff', '585', '8', '58', '58', '5.00', '58', '5'), ('7e9317bd899e4a76b807885effd2ec13', '26d44c589bfe4b5a90acde799075bd24', '585', '8', '58', '58', '5.00', '58', '5'), ('8ab4c64f5ada410abb758fe623a94236', 'e2c7519dbed745488ba0f5a3371c3f3e', 'SP356436', '52', '525', '8', '5252.00', '42016', '55'), ('77d08d5f259e47b69ef175740d2a2e4a', '1c9e5eaca3c54b2cba9e89de03da1e65', 'SP450678', '525', '255', '9', '52.00', '468', ''), ('ba4ee3593be34d2ea816991bfc62b2dd', 'ab607e22bddb40afa5c62cf023bfd6a2', 'SP356436', '52', '525', '5', '5252.00', '26260', ''), ('4cedcb3241d04e90b039f62adbe00913', '9ee3e0851fcd4dd5b16c01ac98785759', 'SP450678', '525', '255', '75', '52.00', '3900', '75'), ('52524b14fd03457bb861fef8a8e94236', '2a435fc1d8674adba0fea012578fde64', 'SP356436', '52', '525', '42', '5252.00', '220584', '42'), ('949b9a7556a14a7f9e26319c560d88da', '7ea95c1f58c949c3bdcab5560bb723e6', 'SP356436', '52', '525', '42', '5252.00', '220584', '42'), ('466f871304c743858f9b832c4c3ea094', 'b34807b38d92434a8391bcf29d61ecc2', 'SP356436', '52', '525', '2', '5252.00', '10504', '1'), ('ba67f1a4ab114376910e85ea353b3a4b', '4cb7d8fe9f804b0688f48df1d0f41eef', 'SP450678', '525', '255', '52', '52.00', '2704', ''), ('157242bece8741d388cc40d18d4ae3fe', '478912729a2142b6be815156ca060a30', 'SP450678', '525', '255', '52', '52.00', '2704', ''), ('ebb5102a20bc4b0f8fe4873d434f8132', '5f5e86f194d7485fa41c242fa270923e', 'SP450678', '525', '255', '52', '52.00', '2704', '5'), ('f94f2167bf6c4d089dddba34c4b5093e', '9c39e651e38f4f549f2be39b7cf894b4', 'SP450678', '525', '255', '5', '52.00', '260', '5'), ('e69fa80ccb3d4c60a4e04491be6df708', '4beb9f0b9e934f218652216e3f21a89e', 'SP356436', '52', '525', '3', '5252.00', '15756', '3'), ('4e7512e174714392aa073e6978bb5210', 'fe0c78e96aa04e85b672748c2de5538a', 'SP356436', '52', '525', '5', '5252.00', '26260', ''), ('d94ff59636b44f029b72e7e8451c94a7', 'febee13678aa4947a4e75ca21b2e3179', 'SP450678', '525', '255', '1', '52.00', '52', ''), ('a8b6fd8cae34433c841f23b6ccdfc372', 'baea8b8bc1034e9f91ad4e6696cd416c', 'SP450678', '525', '255', '2', '52.00', '104', ''), ('ac40a0eaca304c7d80134dec8fc41ae3', '03a7e0a7abb94efeaf7c306a7f799e1b', 'SP450678', '525', '255', '3', '52.00', '156', ''), ('6411b2a2014042d680a754d31af9adf0', '559b20b0e6a049678d620b67e3cb6b45', null, null, null, null, null, '5', '5');
COMMIT;

-- ----------------------------
-- Table structure for inputhander
-- ----------------------------
DROP TABLE IF EXISTS `inputhander`;
CREATE TABLE `inputhander` (
`id`  varchar(255) CHARACTER SET utf8 COLLATE utf8_general_ci NOT NULL ,
`code`  varchar(255) CHARACTER SET utf8 COLLATE utf8_general_ci NULL DEFAULT NULL COMMENT '' ,
`user`  varchar(255) CHARACTER SET utf8 COLLATE utf8_general_ci NULL DEFAULT NULL COMMENT '' ,
`customer`  varchar(255) CHARACTER SET utf8 COLLATE utf8_general_ci NULL DEFAULT NULL COMMENT '' ,
`amount`  varchar(255) CHARACTER SET utf8 COLLATE utf8_general_ci NULL DEFAULT NULL COMMENT '' ,
`flag`  varchar(255) CHARACTER SET utf8 COLLATE utf8_general_ci NULL DEFAULT NULL ,
`status`  varchar(255) CHARACTER SET utf8 COLLATE utf8_general_ci NULL DEFAULT NULL ,
PRIMARY KEY (`id`)
)
ENGINE=InnoDB
DEFAULT CHARACTER SET=utf8 COLLATE=utf8_general_ci

;

-- ----------------------------
-- Records of inputhander
-- ----------------------------
BEGIN;
INSERT INTO `inputhander` VALUES ('4cdd3da86ec540fb8c4a00746b4bd5ca', 'SKD2017101100001', '2', '2', '4', 'JHD', ''), ('52bc5d36031c41ff98ac2d977a558a14', 'SKD2017110100001', '4545', '4545', '4554', 'JHD', ''), ('5afeb1acd2fc42dfad6f4f974dec5278', 'SKD2017110100003', '4', '4', '4', 'TKD', ''), ('95bd5cc21dc64cb99de28866a1e8925b', 'SKD2017110100002', '5', '9', '5', 'JHD', ''), ('f117be704ae04f84a5c18c96da572ff7', 'SKD2017101100002', '2', '2', '4', 'SKD', null);
COMMIT;

-- ----------------------------
-- Table structure for inputitem
-- ----------------------------
DROP TABLE IF EXISTS `inputitem`;
CREATE TABLE `inputitem` (
`id`  varchar(255) CHARACTER SET utf8 COLLATE utf8_general_ci NULL DEFAULT NULL ,
`bankcode`  varchar(255) CHARACTER SET utf8 COLLATE utf8_general_ci NULL DEFAULT NULL COMMENT '' ,
`amount`  varchar(255) CHARACTER SET utf8 COLLATE utf8_general_ci NULL DEFAULT NULL COMMENT '' ,
`note`  varchar(255) CHARACTER SET utf8 COLLATE utf8_general_ci NULL DEFAULT NULL COMMENT '' ,
`pid`  varchar(255) CHARACTER SET utf8 COLLATE utf8_general_ci NULL DEFAULT NULL 
)
ENGINE=InnoDB
DEFAULT CHARACTER SET=utf8 COLLATE=utf8_general_ci

;

-- ----------------------------
-- Records of inputitem
-- ----------------------------
BEGIN;
INSERT INTO `inputitem` VALUES ('ef7348fb493b477e9c1879094e868adb', '2', '2', '2', '4cdd3da86ec540fb8c4a00746b4bd5ca'), ('9db50b6e10dc4b6d81b06b88a4779406', '2', '2', '2', '4cdd3da86ec540fb8c4a00746b4bd5ca'), ('d60e1a69f9da43e6ab595cf99761ed15', '2', '2', '2', 'f117be704ae04f84a5c18c96da572ff7'), ('46b0cea2424b4a30bf65322fa2e50406', '2', '2', '2', 'f117be704ae04f84a5c18c96da572ff7'), ('f854207191be41019006029ada838d1d', '45', '45', '45', '52bc5d36031c41ff98ac2d977a558a14'), ('a58b7ebb01dc4dd5a1f3a5feb4e3857b', '5', '5', '5', '95bd5cc21dc64cb99de28866a1e8925b'), ('35f6cbecb16c43b5b68590e30392ecb7', '4', '4', '4', '5afeb1acd2fc42dfad6f4f974dec5278');
COMMIT;

-- ----------------------------
-- Table structure for inputsalegood
-- ----------------------------
DROP TABLE IF EXISTS `inputsalegood`;
CREATE TABLE `inputsalegood` (
`id`  varchar(255) CHARACTER SET utf8 COLLATE utf8_general_ci NULL DEFAULT NULL ,
`code`  varchar(255) CHARACTER SET utf8 COLLATE utf8_general_ci NULL DEFAULT NULL COMMENT '' ,
`customer`  varchar(255) CHARACTER SET utf8 COLLATE utf8_general_ci NULL DEFAULT NULL COMMENT '' ,
`saleman`  varchar(255) CHARACTER SET utf8 COLLATE utf8_general_ci NULL DEFAULT NULL COMMENT '' ,
`addby`  varchar(255) CHARACTER SET utf8 COLLATE utf8_general_ci NULL DEFAULT NULL COMMENT '' ,
`amount`  double(255,0) NULL DEFAULT NULL COMMENT '' ,
`dist`  double(255,0) NULL DEFAULT NULL COMMENT '' ,
`distmoney`  double(255,0) NULL DEFAULT NULL COMMENT '' ,
`distamount`  double NULL DEFAULT NULL COMMENT '' ,
`note`  varchar(255) CHARACTER SET utf8 COLLATE utf8_general_ci NULL DEFAULT NULL COMMENT '' ,
`flag`  varchar(255) CHARACTER SET utf8 COLLATE utf8_general_ci NULL DEFAULT NULL COMMENT '' ,
`ioflag`  varchar(255) CHARACTER SET utf8 COLLATE utf8_general_ci NULL DEFAULT NULL COMMENT '' ,
`shop`  varchar(255) CHARACTER SET utf8 COLLATE utf8_general_ci NULL DEFAULT NULL COMMENT '' ,
`status`  varchar(255) CHARACTER SET utf8 COLLATE utf8_general_ci NULL DEFAULT NULL 
)
ENGINE=InnoDB
DEFAULT CHARACTER SET=utf8 COLLATE=utf8_general_ci

;

-- ----------------------------
-- Records of inputsalegood
-- ----------------------------
BEGIN;
INSERT INTO `inputsalegood` VALUES ('6765c796ddd44ab687ba921ea36cdf1e', 'XSD2017100900002', '36', '63', '63', '31512', '36', '36', '31440', '63', null, 'XSD', '36', ''), ('dd2750bece284933bcce6b0945a28a32', 'THXSD2017100900001', '1', '1', '1', '1', '1', '1', '1', '1', null, 'XSTHD', '1', null), ('dd176f1de97a45d095ca6faf63b1a3bb', 'THXSD2017100900002', '1', '1', '1', '1', '1', '1', '1', '1', null, 'XSTHD', '1', null);
COMMIT;

-- ----------------------------
-- Table structure for inputsalegooditem
-- ----------------------------
DROP TABLE IF EXISTS `inputsalegooditem`;
CREATE TABLE `inputsalegooditem` (
`id`  varchar(255) CHARACTER SET utf8 COLLATE utf8_general_ci NULL DEFAULT NULL ,
`pid`  varchar(255) CHARACTER SET utf8 COLLATE utf8_general_ci NULL DEFAULT NULL COMMENT 'id' ,
`code`  varchar(255) CHARACTER SET utf8 COLLATE utf8_general_ci NULL DEFAULT NULL COMMENT '' ,
`name`  varchar(255) CHARACTER SET utf8 COLLATE utf8_general_ci NULL DEFAULT NULL COMMENT '' ,
`size`  varchar(255) CHARACTER SET utf8 COLLATE utf8_general_ci NULL DEFAULT NULL COMMENT '' ,
`number`  int(11) NULL DEFAULT NULL COMMENT '' ,
`price`  decimal(10,2) NULL DEFAULT NULL COMMENT '' ,
`amount`  decimal(10,0) NULL DEFAULT NULL COMMENT 'jine' ,
`note`  varchar(255) CHARACTER SET utf8 COLLATE utf8_general_ci NULL DEFAULT NULL COMMENT '' 
)
ENGINE=InnoDB
DEFAULT CHARACTER SET=utf8 COLLATE=utf8_general_ci

;

-- ----------------------------
-- Records of inputsalegooditem
-- ----------------------------
BEGIN;
INSERT INTO `inputsalegooditem` VALUES ('ab19d33a149040cfb0d88fd1df4bacf2', '0f2305c55ec84d2c91d9934f813d289e', null, null, '255', '5', '52.00', '260', ''), ('7efcdea006894037bdf464c17e7876a4', '73825798e208499ea5e3d3555d115319', null, null, '255', '5', '52.00', '260', ''), ('5f17a92e29c34593bf69254c68c3950c', '5e208cc535cd4ee79e78beab41683529', null, null, '255', '5', '52.00', '260', ''), ('70fc6e07833c4ed0bd764c576defffdd', '47cc7f286a5c47cab4e9f3f593b3bc63', null, null, '255', '5', '52.00', '260', ''), ('e800294bdb514583b2c09d1837803458', 'ee1b5ec3fd154b009b3429c7b5978535', 'SP450678', '525', '255', '45', '52.00', '2340', '45'), ('2101ad775ee145cd9cbca6c99f942e87', '70b3680de09e42b189349ad58ce52c2e', 'SP450678', '525', '255', '45', '52.00', '2340', '45'), ('07cf5dfdcb354b668a37e561fa8188a9', '0495fa4592a14a158f3bc2bf5ef6b943', 'SP450678', '525', '255', '25', '52.00', '1300', '52'), ('b1749b7a03734cabb4271e74d340c4a3', 'ef42dc043d774327ae4afdb2dab41470', 'SP450678', '525', '255', '25', '52.00', '1300', '52'), ('67f720663ed249b1a12c9d53c853beb8', '83ecac3b601f4047859356c7d88b3e08', 'SP450678', '525', '255', '5', '52.00', '260', ''), ('7cd730335d964271b4e8e90486224fa1', 'eefdd5368825459db52000f1dce8870c', 'SP356436', '52', '525', '2', '5252.00', '105042', '2'), ('f7be356d5f5b46dca8d4fb0310dd22f0', '6765c796ddd44ab687ba921ea36cdf1e', 'SP356436', '52', '525', '6', '5252.00', '31512', ''), ('c4d5070417674b52b0ec280b25127db0', 'dd2750bece284933bcce6b0945a28a32', 'SP356436', '52', '525', '1', '5252.00', '52521', '1'), ('427506840fef489ca6e8232e30c76c44', 'dd176f1de97a45d095ca6faf63b1a3bb', 'SP356436', '52', '525', '1', '5252.00', '52521', '1');
COMMIT;

-- ----------------------------
-- Table structure for menu
-- ----------------------------
DROP TABLE IF EXISTS `menu`;
CREATE TABLE `menu` (
`id`  varchar(36) CHARACTER SET utf8 COLLATE utf8_general_ci NULL DEFAULT NULL ,
`name`  varchar(255) CHARACTER SET utf8 COLLATE utf8_general_ci NULL DEFAULT NULL ,
`request`  varchar(255) CHARACTER SET utf8 COLLATE utf8_general_ci NULL DEFAULT NULL ,
`level`  varchar(255) CHARACTER SET utf8 COLLATE utf8_general_ci NULL DEFAULT NULL ,
`button_type`  varchar(255) CHARACTER SET utf8 COLLATE utf8_general_ci NULL DEFAULT NULL ,
`parent_id`  varchar(36) CHARACTER SET utf8 COLLATE utf8_general_ci NULL DEFAULT NULL ,
`sort_num`  int(11) NULL DEFAULT NULL ,
`add_by`  varchar(255) CHARACTER SET utf8 COLLATE utf8_general_ci NULL DEFAULT NULL ,
`add_date`  varchar(36) CHARACTER SET utf8 COLLATE utf8_general_ci NULL DEFAULT NULL ,
`upd_by`  varchar(255) CHARACTER SET utf8 COLLATE utf8_general_ci NULL DEFAULT NULL ,
`upd_date`  varchar(36) CHARACTER SET utf8 COLLATE utf8_general_ci NULL DEFAULT NULL ,
`active_flag`  varchar(2) CHARACTER SET utf8 COLLATE utf8_general_ci NULL DEFAULT NULL ,
`menu_img`  varchar(255) CHARACTER SET utf8 COLLATE utf8_general_ci NULL DEFAULT NULL 
)
ENGINE=InnoDB
DEFAULT CHARACTER SET=utf8 COLLATE=utf8_general_ci

;

-- ----------------------------
-- Records of menu
-- ----------------------------
BEGIN;
INSERT INTO `menu` VALUES ('0001', '', '0', null, null, '0', null, null, null, null, null, null, null), ('3967ff82b9094789ac55e434946d3171', '', '0', null, null, '0001', '0', null, null, null, null, '0', null), ('fbef067a4e4f44ca99bad91917e17e3e', '', '/pages/user/userlist.jsp', null, null, '3967ff82b9094789ac55e434946d3171', '0', null, null, null, null, '0', null), ('dbad2e71b39246509e9c0afb1288b923', '', '/pages/sys/rolelist.jsp', null, null, '3967ff82b9094789ac55e434946d3171', '1', null, null, null, null, '0', null), ('2f3bc36e64be489881931e928ca060ab', '', '/pages/sys/menulist.jsp', null, null, '3967ff82b9094789ac55e434946d3171', '2', null, null, null, null, '0', null), ('4781b6cb03214341a86cde5073864d8d', '', '0', null, null, '0001', '1', null, null, null, null, '0', null), ('07a6a4d01a274e2fb71d04b9e7c5d39b', '', '/pages/sys/category.jsp', null, null, '4781b6cb03214341a86cde5073864d8d', '0', null, null, null, null, '0', null), ('386f16f31bed4104a5ed395e3674df8a', '', '/pages/leave/deployManage.jsp', null, null, '3967ff82b9094789ac55e434946d3171', '3', null, null, null, null, '0', null), ('a21d5c79568e48c9a9427ccf94f502a7', '', '0', null, null, '0001', '2', null, null, null, null, '0', null), ('6cd4461707f747ac83888fa8c7b17bc4', '', '/pages/leave/leaveManage.jsp', null, null, 'a21d5c79568e48c9a9427ccf94f502a7', '0', null, null, null, null, '0', null), ('e59fc990ce024be7bb46ece07bee9a21', '', '/pages/leave/daibanManage.jsp', null, null, 'a21d5c79568e48c9a9427ccf94f502a7', '12', null, null, null, null, '0', null), ('07e21ea763f04f89a92cff884cd1ef66', '', '/pages/goods/goods.jsp', null, null, '4781b6cb03214341a86cde5073864d8d', '9', null, null, null, null, '0', null), ('e89c9db5d30741e68b84e85f085ad5d3', '', '/pages/sale/customer.jsp', null, null, '4781b6cb03214341a86cde5073864d8d', '0', null, null, null, null, '0', null), ('48716a7eb3504eec95b027ea43efb74d', '', null, null, null, '0001', '0', null, null, null, null, '0', null), ('0a14d58834c54c9d80517c5192567faf', '', '/pages/sale/inputGood.jsp', null, null, '48716a7eb3504eec95b027ea43efb74d', '0', null, null, null, null, '0', null), ('6ad0f071b9e64754ae835c55c7ff0c61', '', '/pages/sale/outGood.jsp', null, null, '48716a7eb3504eec95b027ea43efb74d', '0', null, null, null, null, '0', null), ('8137fc28b19e42b99e4f2e325d20f134', '', '/pages/sale/saleGood.jsp', null, null, '48716a7eb3504eec95b027ea43efb74d', null, null, null, null, null, null, null), ('e8e1be66d2a749fab0b841f9c47e2eb3', '', '/pages/sale/outSaleGood.jsp', null, null, '48716a7eb3504eec95b027ea43efb74d', '3', null, null, null, null, '0', null), ('d3ce1278f373442dba8982576841a80f', '', '/pages/sale/account.jsp', null, null, '4781b6cb03214341a86cde5073864d8d', '0', null, null, null, null, '0', null), ('cbfa1024065844bf924f6bcff992725e', '', null, null, null, '0001', '3', null, null, null, null, '0', null), ('e816486f7f754c49b98a70a3513dd6dd', '', '/pages/sale/input.jsp', null, null, 'cbfa1024065844bf924f6bcff992725e', '0', null, null, null, null, '0', null), ('0504ae9899f74547ad2401bda88fbf8c', '', '/pages/sale/out.jsp', null, null, 'cbfa1024065844bf924f6bcff992725e', '1', null, null, null, null, '0', null), ('889e2a4f41e84e13b1ef6d7cd341ee72', '', null, null, null, '0001', '0', null, null, null, null, '0', null), ('ad85240bc80343b3b3345fa4ebd06850', '', '/pages/sale/pinput.jsp', null, null, '889e2a4f41e84e13b1ef6d7cd341ee72', null, null, null, null, null, '0', null), ('a3bfed9c970044db8d553081573ccba6', '', '/pages/sale/pout.jsp', null, null, '889e2a4f41e84e13b1ef6d7cd341ee72', null, null, null, null, null, '0', null), ('f05549eccf0f4ce68bf3af17e2a43c21', '', '/pages/sale/psaleGood.jsp', null, null, '889e2a4f41e84e13b1ef6d7cd341ee72', null, null, null, null, null, '0', null), ('437f468a66bb40f59ef420e9c4df9f87', '', '/pages/sale/pinputGood.jsp', null, null, '889e2a4f41e84e13b1ef6d7cd341ee72', null, null, null, null, null, '0', null);
COMMIT;

-- ----------------------------
-- Table structure for payhander
-- ----------------------------
DROP TABLE IF EXISTS `payhander`;
CREATE TABLE `payhander` (
`id`  varchar(255) CHARACTER SET utf8 COLLATE utf8_general_ci NULL DEFAULT NULL ,
`code`  varchar(255) CHARACTER SET utf8 COLLATE utf8_general_ci NULL DEFAULT NULL COMMENT '' ,
`user`  varchar(255) CHARACTER SET utf8 COLLATE utf8_general_ci NULL DEFAULT NULL COMMENT '' ,
`bankcode`  varchar(255) CHARACTER SET utf8 COLLATE utf8_general_ci NULL DEFAULT NULL COMMENT '' ,
`amount`  varchar(255) CHARACTER SET utf8 COLLATE utf8_general_ci NULL DEFAULT NULL COMMENT '' ,
`flag`  varchar(255) CHARACTER SET utf8 COLLATE utf8_general_ci NULL DEFAULT NULL 
)
ENGINE=InnoDB
DEFAULT CHARACTER SET=utf8 COLLATE=utf8_general_ci

;

-- ----------------------------
-- Records of payhander
-- ----------------------------
BEGIN;
COMMIT;

-- ----------------------------
-- Table structure for payitem
-- ----------------------------
DROP TABLE IF EXISTS `payitem`;
CREATE TABLE `payitem` (
`pid`  varchar(255) CHARACTER SET utf8 COLLATE utf8_general_ci NOT NULL ,
`id`  varchar(255) CHARACTER SET utf8 COLLATE utf8_general_ci NULL DEFAULT NULL ,
`name`  varchar(255) CHARACTER SET utf8 COLLATE utf8_general_ci NULL DEFAULT NULL COMMENT '' ,
`amount`  varchar(255) CHARACTER SET utf8 COLLATE utf8_general_ci NULL DEFAULT NULL COMMENT '' ,
`note`  varchar(255) CHARACTER SET utf8 COLLATE utf8_general_ci NULL DEFAULT NULL COMMENT '' ,
PRIMARY KEY (`pid`)
)
ENGINE=InnoDB
DEFAULT CHARACTER SET=utf8 COLLATE=utf8_general_ci

;

-- ----------------------------
-- Records of payitem
-- ----------------------------
BEGIN;
COMMIT;

-- ----------------------------
-- Table structure for role
-- ----------------------------
DROP TABLE IF EXISTS `role`;
CREATE TABLE `role` (
`id`  varchar(36) CHARACTER SET utf8 COLLATE utf8_general_ci NULL DEFAULT NULL ,
`name`  varchar(255) CHARACTER SET utf8 COLLATE utf8_general_ci NULL DEFAULT NULL ,
`add_by`  varchar(255) CHARACTER SET utf8 COLLATE utf8_general_ci NULL DEFAULT NULL ,
`add_date`  varchar(36) CHARACTER SET utf8 COLLATE utf8_general_ci NULL DEFAULT NULL ,
`upd_date`  varchar(36) CHARACTER SET utf8 COLLATE utf8_general_ci NULL DEFAULT NULL ,
`upd_by`  varchar(255) CHARACTER SET utf8 COLLATE utf8_general_ci NULL DEFAULT NULL ,
`active_flag`  varchar(2) CHARACTER SET utf8 COLLATE utf8_general_ci NULL DEFAULT NULL 
)
ENGINE=InnoDB
DEFAULT CHARACTER SET=utf8 COLLATE=utf8_general_ci

;

-- ----------------------------
-- Records of role
-- ----------------------------
BEGIN;
INSERT INTO `role` VALUES ('7c4e4a3fc4d945a99c89d4875b4395aa', '', null, null, null, null, '0'), ('4fa204eb4c7b442f84ab4a29659a011a', '', null, null, null, null, '0'), ('71f0e7e1e2ab4bb081fd7de4be49a114', '', null, null, null, null, '0'), ('71a7ada524d7418ca221f32712672f3d', '', null, null, null, null, '0'), ('436889403d3143a5ac5bc65e56929a21', '', null, null, null, null, '0'), ('48ab093509414310ab8faf3ec66c0507', '', null, null, null, null, '0'), ('3ff4d917029345ee80069c591871ef47', '', null, null, null, null, '0'), ('ea15330cb3cb4e6b980e04bc22292508', '', null, null, null, null, '0'), ('3a516bd8655f4dfea309d569cebed87b', '99889', null, null, null, null, '0');
COMMIT;

-- ----------------------------
-- Table structure for role_menu
-- ----------------------------
DROP TABLE IF EXISTS `role_menu`;
CREATE TABLE `role_menu` (
`id`  varchar(36) CHARACTER SET utf8 COLLATE utf8_general_ci NULL DEFAULT NULL ,
`role_id`  varchar(36) CHARACTER SET utf8 COLLATE utf8_general_ci NULL DEFAULT NULL ,
`menu_id`  varchar(36) CHARACTER SET utf8 COLLATE utf8_general_ci NULL DEFAULT NULL 
)
ENGINE=InnoDB
DEFAULT CHARACTER SET=utf8 COLLATE=utf8_general_ci

;

-- ----------------------------
-- Records of role_menu
-- ----------------------------
BEGIN;
INSERT INTO `role_menu` VALUES ('9fcaf3b7ddae46bd827c5dea2df9ecb8', '7c4e4a3fc4d945a99c89d4875b4395aa', '0001'), ('d068e78d33a44fc6830a700c2edd4992', '7c4e4a3fc4d945a99c89d4875b4395aa', '3967ff82b9094789ac55e434946d3171'), ('acb12903dfcd464ebb9eee6a6ebf1dd0', '7c4e4a3fc4d945a99c89d4875b4395aa', 'fbef067a4e4f44ca99bad91917e17e3e'), ('fae4d76bb0264769833435452c21dd90', '7c4e4a3fc4d945a99c89d4875b4395aa', 'dbad2e71b39246509e9c0afb1288b923'), ('9856e14af0254d549100c629e038949c', '7c4e4a3fc4d945a99c89d4875b4395aa', '2f3bc36e64be489881931e928ca060ab'), ('4c53f7d552a44ffc937268d9e512eba8', '7c4e4a3fc4d945a99c89d4875b4395aa', '386f16f31bed4104a5ed395e3674df8a'), ('3fbeffed26984b4a8176cbe111eb069f', '7c4e4a3fc4d945a99c89d4875b4395aa', '4781b6cb03214341a86cde5073864d8d'), ('f3bbc4f9a9aa4d55b458bb548fab1100', '7c4e4a3fc4d945a99c89d4875b4395aa', '07a6a4d01a274e2fb71d04b9e7c5d39b'), ('47ef455d94974b18b459b9527078def8', '7c4e4a3fc4d945a99c89d4875b4395aa', '07e21ea763f04f89a92cff884cd1ef66'), ('3b8a42fa5513451cb16bc08cba9ce1d1', '7c4e4a3fc4d945a99c89d4875b4395aa', 'e89c9db5d30741e68b84e85f085ad5d3'), ('1da21299e55142a48e7944c39eed3653', '7c4e4a3fc4d945a99c89d4875b4395aa', 'd3ce1278f373442dba8982576841a80f'), ('1a4ebc9740054119a859e13836410e66', '7c4e4a3fc4d945a99c89d4875b4395aa', 'a21d5c79568e48c9a9427ccf94f502a7'), ('2fd76165d998404db6ea6838c0f8dd5e', '7c4e4a3fc4d945a99c89d4875b4395aa', '6cd4461707f747ac83888fa8c7b17bc4'), ('51d5f8d95f0f47aa85654c8a69582784', '7c4e4a3fc4d945a99c89d4875b4395aa', 'e59fc990ce024be7bb46ece07bee9a21'), ('af526fa704444e809560cbe9751326d2', '7c4e4a3fc4d945a99c89d4875b4395aa', '48716a7eb3504eec95b027ea43efb74d'), ('1c188832d81d4833a658a8dcfca28900', '7c4e4a3fc4d945a99c89d4875b4395aa', '0a14d58834c54c9d80517c5192567faf'), ('ffc68210fc544afb8e868245ef86c58f', '7c4e4a3fc4d945a99c89d4875b4395aa', '6ad0f071b9e64754ae835c55c7ff0c61'), ('da51d970ab9741aabc4eb212b1d8201d', '7c4e4a3fc4d945a99c89d4875b4395aa', '8137fc28b19e42b99e4f2e325d20f134'), ('850ccf57cce64f889e0c1ce5ba5311ac', '7c4e4a3fc4d945a99c89d4875b4395aa', 'e8e1be66d2a749fab0b841f9c47e2eb3'), ('78e9dff460ea4740892293cadc92977f', '7c4e4a3fc4d945a99c89d4875b4395aa', 'cbfa1024065844bf924f6bcff992725e'), ('67a80502f44d4dcd9c1fe281a0acebeb', '7c4e4a3fc4d945a99c89d4875b4395aa', 'e816486f7f754c49b98a70a3513dd6dd'), ('e118f07bdcd240ce8b07e7d8e249d4c3', '7c4e4a3fc4d945a99c89d4875b4395aa', '0504ae9899f74547ad2401bda88fbf8c'), ('07622e998025466ea9e8feb2978b30b1', '7c4e4a3fc4d945a99c89d4875b4395aa', '889e2a4f41e84e13b1ef6d7cd341ee72'), ('645d7e40bcf44df4b306b99c3e85100a', '7c4e4a3fc4d945a99c89d4875b4395aa', 'ad85240bc80343b3b3345fa4ebd06850'), ('94d436d902c94af98d22f3a490054c1b', '7c4e4a3fc4d945a99c89d4875b4395aa', 'a3bfed9c970044db8d553081573ccba6'), ('8813d91787e94023b33911eb1985d148', '7c4e4a3fc4d945a99c89d4875b4395aa', 'f05549eccf0f4ce68bf3af17e2a43c21'), ('14917c6b2fe342869fdb199d9feae4bc', '7c4e4a3fc4d945a99c89d4875b4395aa', '437f468a66bb40f59ef420e9c4df9f87');
COMMIT;

-- ----------------------------
-- Table structure for sequence
-- ----------------------------
DROP TABLE IF EXISTS `sequence`;
CREATE TABLE `sequence` (
`sequence_code`  varchar(255) CHARACTER SET utf8 COLLATE utf8_general_ci NULL DEFAULT NULL ,
`sequenceyear`  varchar(255) CHARACTER SET utf8 COLLATE utf8_general_ci NULL DEFAULT NULL ,
`sequencemonth`  varchar(255) CHARACTER SET utf8 COLLATE utf8_general_ci NULL DEFAULT NULL ,
`sequenceday`  varchar(255) CHARACTER SET utf8 COLLATE utf8_general_ci NULL DEFAULT NULL ,
`sequencevalue`  varchar(255) CHARACTER SET utf8 COLLATE utf8_general_ci NULL DEFAULT NULL ,
`resetflag`  varchar(255) CHARACTER SET utf8 COLLATE utf8_general_ci NULL DEFAULT NULL ,
`resettype`  varchar(255) CHARACTER SET utf8 COLLATE utf8_general_ci NULL DEFAULT NULL ,
`activeflag`  varchar(255) CHARACTER SET utf8 COLLATE utf8_general_ci NULL DEFAULT NULL ,
`addby`  varchar(255) CHARACTER SET utf8 COLLATE utf8_general_ci NULL DEFAULT NULL ,
`addtime`  datetime NULL DEFAULT NULL ON UPDATE CURRENT_TIMESTAMP ,
`updby`  varchar(255) CHARACTER SET utf8 COLLATE utf8_general_ci NULL DEFAULT NULL ,
`updtime`  datetime NULL DEFAULT NULL ON UPDATE CURRENT_TIMESTAMP ,
`code`  varchar(255) CHARACTER SET utf8 COLLATE utf8_general_ci NULL DEFAULT NULL 
)
ENGINE=InnoDB
DEFAULT CHARACTER SET=utf8 COLLATE=utf8_general_ci

;

-- ----------------------------
-- Records of sequence
-- ----------------------------
BEGIN;
INSERT INTO `sequence` VALUES (null, '2017', '10', '09', '4', null, null, '1', null, '2017-10-09 11:54:41', null, '2017-10-09 11:54:41', 'JHTHD'), (null, '2017', '10', '09', '3', null, null, '1', null, '2017-10-09 11:03:25', null, '2017-10-09 11:03:25', 'XSD'), (null, '2017', '10', '11', '2', null, null, '1', null, '2017-10-11 14:49:29', null, '2017-10-11 14:49:29', 'JHD'), (null, '2017', '10', '09', '3', null, null, '1', null, '2017-10-09 13:51:28', null, '2017-10-09 13:51:28', 'THXSD'), (null, '2017', '10', '11', '2', null, null, '1', null, '2017-10-11 14:49:29', null, '2017-10-11 14:49:29', 'JHD'), (null, '2017', '11', '01', '4', null, null, '1', null, '2017-11-01 08:40:23', null, '2017-11-01 08:40:23', 'SKD');
COMMIT;

-- ----------------------------
-- Table structure for t_leave
-- ----------------------------
DROP TABLE IF EXISTS `t_leave`;
CREATE TABLE `t_leave` (
`id`  varchar(255) CHARACTER SET utf8 COLLATE utf8_general_ci NOT NULL ,
`leave_date`  datetime NULL DEFAULT NULL ON UPDATE CURRENT_TIMESTAMP ,
`leave_days`  varchar(255) CHARACTER SET utf8 COLLATE utf8_general_ci NULL DEFAULT NULL ,
`leave_reason`  varchar(255) CHARACTER SET utf8 COLLATE utf8_general_ci NULL DEFAULT NULL ,
`state`  varchar(255) CHARACTER SET utf8 COLLATE utf8_general_ci NULL DEFAULT NULL ,
`process_instance_id`  varchar(255) CHARACTER SET utf8 COLLATE utf8_general_ci NULL DEFAULT NULL ,
`user_id`  varchar(255) CHARACTER SET utf8 COLLATE utf8_general_ci NULL DEFAULT NULL ,
PRIMARY KEY (`id`)
)
ENGINE=InnoDB
DEFAULT CHARACTER SET=utf8 COLLATE=utf8_general_ci

;

-- ----------------------------
-- Records of t_leave
-- ----------------------------
BEGIN;
INSERT INTO `t_leave` VALUES ('1e18ceee66084174a8a8c92afa332578', '2017-09-21 09:25:05', '898', '4848', '', '222514', 'f0cb2ea5d7e64774ad0a1cb988b7942d'), ('1e6c61c4eca7411f83cba53077f768c3', '2017-09-09 09:58:44', '8', '', '', '190001', 'f0cb2ea5d7e64774ad0a1cb988b7942d'), ('38a2a8605acd4b288e8810099e92ba3c', '2017-09-08 14:58:17', '3', '', '', '187501', 'f0cb2ea5d7e64774ad0a1cb988b7942d'), ('416e3986e4bd4026b3fe781d18c8c1e8', '2017-09-14 09:16:50', '53425', '42524', '', '212513', 'f0cb2ea5d7e64774ad0a1cb988b7942d'), ('699a602ff2fd451499721839207da467', '2017-09-14 09:04:43', '914', '9149', '', '212501', 'f0cb2ea5d7e64774ad0a1cb988b7942d'), ('822045f242ff4a5f9d22b903c1d80665', '2017-09-13 10:23:57', '8', '7878', '', '202501', 'f0cb2ea5d7e64774ad0a1cb988b7942d'), ('9e058e96657044f49b313abe9d58667f', '2017-09-13 09:31:41', '9', '454', '', '200001', 'f0cb2ea5d7e64774ad0a1cb988b7942d'), ('a2c7aa617cf44b74932625dd3b38b933', '2017-09-21 09:24:02', '878', '4545', '', '222501', 'f0cb2ea5d7e64774ad0a1cb988b7942d'), ('a54b84f8c949405d9e0530e48755983a', '2017-09-21 09:27:26', '99', '8988', '', '225001', 'f0cb2ea5d7e64774ad0a1cb988b7942d'), ('b1c26570927942e5b5952d8d1aa6e2dd', '2017-09-09 10:33:35', '456', '68498', '', '195001', '9364480ac84c4a6da5cc6c0312c2ca53'), ('b6fa76d307b54065a41e31aef2490cc6', '2017-09-07 10:09:14', '2', '', '', '180001', 'f0cb2ea5d7e64774ad0a1cb988b7942d'), ('c6d072963a774d759b75b8a19e6695f9', '2017-09-13 11:35:21', '2', '2', '', '205001', 'f0cb2ea5d7e64774ad0a1cb988b7942d'), ('e3b67bf2b27a4d19ac461e05d3201172', '2017-09-06 11:22:57', '545', '456456', '', '170005', 'null');
COMMIT;

-- ----------------------------
-- Table structure for tbank
-- ----------------------------
DROP TABLE IF EXISTS `tbank`;
CREATE TABLE `tbank` (
`id`  varchar(255) CHARACTER SET utf8 COLLATE utf8_general_ci NULL DEFAULT NULL ,
`account`  varchar(255) CHARACTER SET utf8 COLLATE utf8_general_ci NULL DEFAULT NULL COMMENT '' ,
`name`  varchar(255) CHARACTER SET utf8 COLLATE utf8_general_ci NULL DEFAULT NULL COMMENT '' ,
`flag`  varchar(255) CHARACTER SET utf8 COLLATE utf8_general_ci NULL DEFAULT NULL ,
`num`  int(11) NULL DEFAULT NULL COMMENT '' 
)
ENGINE=InnoDB
DEFAULT CHARACTER SET=utf8 COLLATE=utf8_general_ci

;

-- ----------------------------
-- Records of tbank
-- ----------------------------
BEGIN;
INSERT INTO `tbank` VALUES ('1', '1', '1', '1', '1'), ('4593160801994132b34dc0ee7b63e2b9', '2', '2', null, '2');
COMMIT;

-- ----------------------------
-- Table structure for tcategory
-- ----------------------------
DROP TABLE IF EXISTS `tcategory`;
CREATE TABLE `tcategory` (
`id`  varchar(36) CHARACTER SET utf8 COLLATE utf8_general_ci NOT NULL ,
`name`  varchar(255) CHARACTER SET utf8 COLLATE utf8_general_ci NULL DEFAULT NULL ,
`caretetime`  datetime NULL DEFAULT NULL ON UPDATE CURRENT_TIMESTAMP ,
`updatetime`  datetime NULL DEFAULT NULL ON UPDATE CURRENT_TIMESTAMP ,
`pid`  varchar(36) CHARACTER SET utf8 COLLATE utf8_general_ci NULL DEFAULT NULL 
)
ENGINE=InnoDB
DEFAULT CHARACTER SET=utf8 COLLATE=utf8_general_ci

;

-- ----------------------------
-- Records of tcategory
-- ----------------------------
BEGIN;
INSERT INTO `tcategory` VALUES ('0001', '', null, null, '0'), ('SPPL817919', '', null, null, '0001'), ('SPPL866865', '9999', null, null, '0001');
COMMIT;

-- ----------------------------
-- Table structure for user
-- ----------------------------
DROP TABLE IF EXISTS `user`;
CREATE TABLE `user` (
`account`  varchar(255) CHARACTER SET utf8 COLLATE utf8_general_ci NOT NULL ,
`pass_wd`  varchar(255) CHARACTER SET utf8 COLLATE utf8_general_ci NOT NULL ,
`name`  varchar(255) CHARACTER SET utf8 COLLATE utf8_general_ci NULL DEFAULT NULL ,
`dept_id`  int(11) NULL DEFAULT NULL ,
`add_by`  varchar(255) CHARACTER SET utf8 COLLATE utf8_general_ci NULL DEFAULT NULL ,
`add_date`  datetime NULL DEFAULT NULL ON UPDATE CURRENT_TIMESTAMP ,
`up_by`  varchar(255) CHARACTER SET utf8 COLLATE utf8_general_ci NULL DEFAULT NULL ,
`update_by`  datetime NULL DEFAULT NULL ON UPDATE CURRENT_TIMESTAMP ,
`active_flag`  varchar(255) CHARACTER SET utf8 COLLATE utf8_general_ci NULL DEFAULT NULL ,
`id`  varchar(255) CHARACTER SET utf8 COLLATE utf8_general_ci NULL DEFAULT NULL ,
`phone`  varchar(255) CHARACTER SET utf8 COLLATE utf8_general_ci NULL DEFAULT NULL ,
`email`  varchar(255) CHARACTER SET utf8 COLLATE utf8_general_ci NULL DEFAULT NULL ,
`usertype`  varchar(255) CHARACTER SET utf8 COLLATE utf8_general_ci NULL DEFAULT NULL 
)
ENGINE=InnoDB
DEFAULT CHARACTER SET=utf8 COLLATE=utf8_general_ci

;

-- ----------------------------
-- Records of user
-- ----------------------------
BEGIN;
INSERT INTO `user` VALUES ('admin', '123456', 'admin', null, null, '2017-08-02 20:11:18', null, '2017-08-02 20:11:18', null, '5abf134d24354be3aec9e87f0f82c537', '001', '001', '0'), ('12456', '123456', '', null, null, null, null, null, null, 'f10d8dc39c2745e2ab4a7b87265015fd', '15653999010', '1057525761@qq.com', null), ('1', '123456', '1', null, null, null, null, null, null, 'f0cb2ea5d7e64774ad0a1cb988b7942d', '6', '5', null), ('1', '123456', '1', null, null, null, null, null, null, '09f6995114604f14a20ca511ef886661', '0', '1', null), ('1', '123456', '1', null, null, null, null, null, null, '9731ea1e1cbb4b3eb9b4920fb68d7470', '0', '0', null), ('1', '123456', '1', null, null, null, null, null, null, 'dbd2562d0ffc48b4a88f1f37004f3e52', '0', '0', null), ('1', '123456', '1', null, null, null, null, null, null, '9364480ac84c4a6da5cc6c0312c2ca53', '0', '0', null), ('1', '123456', '1', null, null, null, null, null, null, '6f8be110b3d64630a70dbe96069d5767', '0', '0', null), ('1', '123456', '1', null, null, null, null, null, null, '4c5a0f271c3d4f75b7339093d71acaa8', '0', '0', null), ('2', '123456', '2', null, null, null, null, null, null, 'e231cb78dd554d6a86c280f883bc0e5f', '0', '0', null), ('sunshijian', '123456', 'sunahijian', null, null, null, null, null, null, 'e7e8ae6ed9294e54a1ee815df2bc0a98', '55', '55', null);
COMMIT;

-- ----------------------------
-- Table structure for user_img
-- ----------------------------
DROP TABLE IF EXISTS `user_img`;
CREATE TABLE `user_img` (
`id`  varchar(255) CHARACTER SET utf8 COLLATE utf8_general_ci NULL DEFAULT NULL ,
`user_id`  varchar(255) CHARACTER SET utf8 COLLATE utf8_general_ci NULL DEFAULT NULL ,
`img_url`  varchar(255) CHARACTER SET utf8 COLLATE utf8_general_ci NULL DEFAULT NULL ,
`add_date`  varchar(255) CHARACTER SET utf8 COLLATE utf8_general_ci NULL DEFAULT NULL 
)
ENGINE=InnoDB
DEFAULT CHARACTER SET=utf8 COLLATE=utf8_general_ci

;

-- ----------------------------
-- Records of user_img
-- ----------------------------
BEGIN;
COMMIT;

-- ----------------------------
-- Table structure for user_role
-- ----------------------------
DROP TABLE IF EXISTS `user_role`;
CREATE TABLE `user_role` (
`id`  varchar(36) CHARACTER SET utf8 COLLATE utf8_general_ci NULL DEFAULT NULL ,
`user_id`  varchar(36) CHARACTER SET utf8 COLLATE utf8_general_ci NULL DEFAULT NULL ,
`role_id`  varchar(36) CHARACTER SET utf8 COLLATE utf8_general_ci NULL DEFAULT NULL 
)
ENGINE=InnoDB
DEFAULT CHARACTER SET=utf8 COLLATE=utf8_general_ci

;

-- ----------------------------
-- Records of user_role
-- ----------------------------
BEGIN;
INSERT INTO `user_role` VALUES ('0e7c95b85bdc414b923d6aa2dcb9d24e', '5abf134d24354be3aec9e87f0f82c537', '7c4e4a3fc4d945a99c89d4875b4395aa'), ('bb4547fbb59742b3804a77e72289eb62', 'f10d8dc39c2745e2ab4a7b87265015fd', '4fa204eb4c7b442f84ab4a29659a011a'), ('96614ac6f08c4e30b74e0b6ec6468557', 'f0cb2ea5d7e64774ad0a1cb988b7942d', '4fa204eb4c7b442f84ab4a29659a011a'), ('bc988e532d204d968f4ecbfd531e512b', '09f6995114604f14a20ca511ef886661', '71f0e7e1e2ab4bb081fd7de4be49a114'), ('c5c6f2f7f23c4cd1b780d99de5ff15c6', '9731ea1e1cbb4b3eb9b4920fb68d7470', '71a7ada524d7418ca221f32712672f3d'), ('25040b06231c43a997562c9cda7bfd97', 'dbd2562d0ffc48b4a88f1f37004f3e52', '436889403d3143a5ac5bc65e56929a21'), ('d142b7232a4843df93170c0d833f2c0a', '9364480ac84c4a6da5cc6c0312c2ca53', '48ab093509414310ab8faf3ec66c0507'), ('719219a5df69456fb9e3424095fab742', '6f8be110b3d64630a70dbe96069d5767', '3ff4d917029345ee80069c591871ef47'), ('d176f3bd47ed48bc8e34950ef6bc9be6', '4c5a0f271c3d4f75b7339093d71acaa8', 'ea15330cb3cb4e6b980e04bc22292508'), ('1d671d72879346879a4c9397a9ba605b', 'e231cb78dd554d6a86c280f883bc0e5f', '71f0e7e1e2ab4bb081fd7de4be49a114'), ('5a7f1c30ed084529a44938a1013a4e26', 'e7e8ae6ed9294e54a1ee815df2bc0a98', '3a516bd8655f4dfea309d569cebed87b');
COMMIT;

-- ----------------------------
-- Auto increment value for act_evt_log
-- ----------------------------
ALTER TABLE `act_evt_log` AUTO_INCREMENT=1;
